390-778,충북,제천시,강제동 강저휴먼시아2단지아파트,(201∼205동),49800
390-778,충북,제천시,강제동 강저휴먼시아3단지아파트,(301∼309동),49801
390-160,충북,제천시,강제동,,49802
390-200,충북,제천시,고명동,,49803
390-760,충북,제천시,고암동 두진백로아파트,,49804
390-759,충북,제천시,고암동 주공아파트,(101∼114동),49805
390-890,충북,제천시,고암동,1∼1099,49806
390-891,충북,제천시,고암동,1100∼1500,49807
390-090,충북,제천시,고암동,,49808
390-070,충북,제천시,교동,,49809
390-020,충북,제천시,남천동,,49810
390-290,충북,제천시,대랑동,,49811
390-190,충북,제천시,동현동,,49812
390-260,충북,제천시,두학동,,49813
390-050,충북,제천시,명동,,49814
390-170,충북,제천시,명지동,,49815
390-110,충북,제천시,모산동,,49816
390-180,충북,제천시,산곡동,,49817
390-703,충북,제천시,서부동 제천서울병원,,49818
390-060,충북,제천시,서부동,,49819
390-140,충북,제천시,신동,,49820
390-761,충북,제천시,신백동 극동아파트,,49821
390-762,충북,제천시,신백동 덕일한마음1차아파트,(101∼106동),49822
390-763,충북,제천시,신백동 덕일한마음2차아파트,(201∼204동),49823
390-764,충북,제천시,신백동 신백로즈웰아파트,,49824
390-765,충북,제천시,신백동 화성아파트,(1∼16동),49825
390-892,충북,제천시,신백동,1∼206,49826
390-893,충북,제천시,신백동,207∼1000,49827
390-210,충북,제천시,신백동,,49828
390-702,충북,제천시,신월동 대원대학,,49829
390-711,충북,제천시,신월동 세명대학교,,49830
390-230,충북,제천시,신월동,,49831
390-779,충북,제천시,영천동 강저휴먼시아1단지아파트,(101∼108동),49832
390-120,충북,제천시,영천동,,49833
390-250,충북,제천시,왕암동,,49834
390-030,충북,제천시,의림동,,49835
390-280,충북,제천시,자작동,,49836
390-766,충북,제천시,장락동 미림청솔아파트,,49837
390-777,충북,제천시,장락동 제천장락롯데캐슬아파트,(101∼106동),49838
390-751,충북,제천시,장락동 주공아파트,(101∼110동),49839
390-753,충북,제천시,장락동 주공아파트,(201∼209동),49840
390-754,충북,제천시,장락동 주공아파트,(301∼306동),49841
390-755,충북,제천시,장락동 주공아파트,(401∼406동),49842
390-894,충북,제천시,장락동,1∼729,49843
390-895,충북,제천시,장락동,730∼1300,49844
390-080,충북,제천시,장락동,,49845
390-011,충북,제천시,중앙로1가,,49846
390-705,충북,제천시,중앙로2가 청주지방법원제천지원,,49847
390-012,충북,제천시,중앙로2가,,49848
390-701,충북,제천시,천남동 제천시청,,49849
390-130,충북,제천시,천남동,,49850
390-768,충북,제천시,청전동 덕일한마음아파트,,49851
390-769,충북,제천시,청전동 두진백로아파트,,49852
390-770,충북,제천시,청전동 비둘기아파트,,49853
390-100,충북,제천시,청전동 제천우체국,,49854
390-704,충북,제천시,청전동 한국전력충북본부송변전사업실,,49855
390-767,충북,제천시,청전동 주공아파트1단지,(1∼15동),49856
390-771,충북,제천시,청전동 현대아파트,,49857
390-896,충북,제천시,청전동,1∼50,49858
390-897,충북,제천시,청전동,51∼110,49859
390-898,충북,제천시,청전동,111∼168,49860
390-899,충북,제천시,청전동,169∼579,49861
390-896,충북,제천시,청전동,580∼602,49862
390-897,충북,제천시,청전동,603∼639,49863
390-899,충북,제천시,청전동,640∼2000,49864
390-100,충북,제천시,청전동,,49865
390-776,충북,제천시,하소동 그린코아루아파트,(101∼112동),49866
390-752,충북,제천시,하소동 주공아파트,(101∼112동),49867
390-756,충북,제천시,하소동 주공아파트,(201∼208동),49868
390-757,충북,제천시,하소동 주공아파트,(301∼304동),49869
390-758,충북,제천시,하소동 주공아파트,(401∼406동),49870
390-772,충북,제천시,하소동 청구아파트,,49871
390-773,충북,제천시,하소동 현대아파트,,49872
390-240,충북,제천시,하소동,,49873
390-150,충북,제천시,화산동,,49874
390-270,충북,제천시,흑석동,,49875
390-871,충북,제천시,봉양읍 공전리,,49876
390-872,충북,제천시,봉양읍 구곡리,,49877
390-873,충북,제천시,봉양읍 구학리,,49878
390-872,충북,제천시,봉양읍 마곡리,,49879
390-874,충북,제천시,봉양읍 명도리,,49880
390-874,충북,제천시,봉양읍 명암리,,49881
390-774,충북,제천시,봉양읍 미당리 덕일한마음아파트,,49882
390-874,충북,제천시,봉양읍 미당리,,49883
390-873,충북,제천시,봉양읍 봉양리,,49884
390-872,충북,제천시,봉양읍 삼거리,,49885
390-871,충북,제천시,봉양읍 연박리,,49886
390-873,충북,제천시,봉양읍 옥전리,,49887
390-871,충북,제천시,봉양읍 원박리,,49888
390-875,충북,제천시,봉양읍 장평리,,49889
390-775,충북,제천시,봉양읍 주포리 중앙아파트,,49890
390-875,충북,제천시,봉양읍 주포리,,49891
390-872,충북,제천시,봉양읍 팔송리,,49892
390-873,충북,제천시,봉양읍 학산리,,49893
390-870,충북,제천시,봉양읍,,49894
390-821,충북,제천시,금성면 구룡리,,49895
390-822,충북,제천시,금성면 대장리,,49896
390-822,충북,제천시,금성면 동막리,,49897
390-823,충북,제천시,금성면 사곡리,,49898
390-821,충북,제천시,금성면 성내리,,49899
390-822,충북,제천시,금성면 양화리,,49900
390-823,충북,제천시,금성면 월굴리,,49901
390-822,충북,제천시,금성면 월림리,,49902
390-821,충북,제천시,금성면 위림리,,49903
390-821,충북,제천시,금성면 적덕리,,49904
390-821,충북,제천시,금성면 중전리,,49905
390-821,충북,제천시,금성면 진리,,49906
390-821,충북,제천시,금성면 포전리,,49907
390-823,충북,제천시,금성면 활산리,,49908
390-820,충북,제천시,금성면,,49909
390-851,충북,제천시,덕산면 광천리,,49910
390-852,충북,제천시,덕산면 도기리,,49911
390-851,충북,제천시,덕산면 도전리,,49912
390-852,충북,제천시,덕산면 선고리,,49913
390-852,충북,제천시,덕산면 성내리,,49914
390-853,충북,제천시,덕산면 성암리,,49915
390-853,충북,제천시,덕산면 수산리,,49916
390-853,충북,제천시,덕산면 신현리,,49917
390-851,충북,제천시,덕산면 억수리,,49918
390-851,충북,제천시,덕산면 월롱리,,49919
390-851,충북,제천시,덕산면 월악리,,49920
390-853,충북,제천시,덕산면 후촌리,,49921
390-850,충북,제천시,덕산면,,49922
390-881,충북,제천시,백운면 덕동리,,49923
390-882,충북,제천시,백운면 도곡리,,49924
390-883,충북,제천시,백운면 모정리,,49925
390-882,충북,제천시,백운면 방학리,,49926
390-883,충북,제천시,백운면 애련리,,49927
390-881,충북,제천시,백운면 운학리,,49928
390-883,충북,제천시,백운면 원월리,,49929
390-882,충북,제천시,백운면 평동리,,49930
390-881,충북,제천시,백운면 화당리,,49931
390-880,충북,제천시,백운면,,49932
390-811,충북,제천시,송학면 도화리,,49933
390-811,충북,제천시,송학면 무도리,,49934
390-812,충북,제천시,송학면 송한리,,49935
390-813,충북,제천시,송학면 시곡리,,49936
390-812,충북,제천시,송학면 오미리,,49937
390-814,충북,제천시,송학면 입석리,,49938
390-814,충북,제천시,송학면 장곡리,,49939
390-812,충북,제천시,송학면 포전리,,49940
390-810,충북,제천시,송학면,,49941
390-841,충북,제천시,수산면 계란리,,49942
390-842,충북,제천시,수산면 고명리,,49943
390-841,충북,제천시,수산면 괴곡리,,49944
390-843,충북,제천시,수산면 구곡리,,49945
390-843,충북,제천시,수산면 내리,,49946
390-842,충북,제천시,수산면 능강리,,49947
390-843,충북,제천시,수산면 다불리,,49948
390-841,충북,제천시,수산면 대전리,,49949
390-843,충북,제천시,수산면 도전리,,49950
390-842,충북,제천시,수산면 상천리,,49951
390-842,충북,제천시,수산면 서곡리,,49952
390-841,충북,제천시,수산면 성리,,49953
390-841,충북,제천시,수산면 수곡리,,49954
390-841,충북,제천시,수산면 수리,,49955
390-843,충북,제천시,수산면 수산리,,49956
390-842,충북,제천시,수산면 오티리,,49957
390-841,충북,제천시,수산면 원대리,,49958
390-842,충북,제천시,수산면 율지리,,49959
390-841,충북,제천시,수산면 적곡리,,49960
390-843,충북,제천시,수산면 전곡리,,49961
390-843,충북,제천시,수산면 지곡리,,49962
390-842,충북,제천시,수산면 하천리,,49963
390-840,충북,제천시,수산면,,49964
390-831,충북,제천시,청풍면 계산리,,49965
390-831,충북,제천시,청풍면 광의리,,49966
390-832,충북,제천시,청풍면 교리,,49967
390-824,충북,제천시,청풍면 단돈리,,49968
390-831,충북,제천시,청풍면 단리,,49969
390-831,충북,제천시,청풍면 대류리,,49970
390-831,충북,제천시,청풍면 도곡리,,49971
390-832,충북,제천시,청풍면 도리,,49972
390-832,충북,제천시,청풍면 도실리,,49973
390-832,충북,제천시,청풍면 도화리,,49974
390-832,충북,제천시,청풍면 물태리,,49975
390-824,충북,제천시,청풍면 방흥리,,49976
390-824,충북,제천시,청풍면 부산리,,49977
390-832,충북,제천시,청풍면 북진리,,49978
390-824,충북,제천시,청풍면 사오리,,49979
390-831,충북,제천시,청풍면 신리,,49980
390-832,충북,제천시,청풍면 실리곡리,,49981
390-831,충북,제천시,청풍면 양평리,,49982
390-831,충북,제천시,청풍면 연곡리,,49983
390-831,충북,제천시,청풍면 연론리,,49984
390-824,충북,제천시,청풍면 오산리,,49985
390-831,충북,제천시,청풍면 용곡리,,49986
390-832,충북,제천시,청풍면 읍리,,49987
390-824,충북,제천시,청풍면 장선리,,49988
390-824,충북,제천시,청풍면 진목리,,49989
390-832,충북,제천시,청풍면 학현리,,49990
390-824,충북,제천시,청풍면 황석리,,49991
390-824,충북,제천시,청풍면 후산리,,49992
390-830,충북,제천시,청풍면,,49993
390-861,충북,제천시,한수면 덕곡리,,49994
390-861,충북,제천시,한수면 복평리,,49995
390-861,충북,제천시,한수면 북노리,,49996
390-861,충북,제천시,한수면 상노리,,49997
390-861,충북,제천시,한수면 서창리,,49998
390-862,충북,제천시,한수면 송계리,,49999
390-861,충북,제천시,한수면 역리,,50000
390-861,충북,제천시,한수면 탄지리,,50001
390-861,충북,제천시,한수면 한천리,,50002
390-861,충북,제천시,한수면 황강리,,50003
390-860,충북,제천시,한수면,,50004
390-600,충북,제천시,제천우체국사서함,,50005
360-790,충북,청주시 상당구,금천동 뉴타운아파트,(101∼106동),50006
360-791,충북,청주시 상당구,금천동 장자마을1단지부영아파트,(101∼105동),50007
360-791,충북,청주시 상당구,금천동 장자마을3단지부영아파트,(301∼305동),50008
360-791,충북,청주시 상당구,금천동 장자마을5단지부영아파트,(501∼506동),50009
360-791,충북,청주시 상당구,금천동 장자마을부영e-그린타운2차아파트,(601∼606동),50010
360-780,충북,청주시 상당구,금천동 장자마을부영아파트,(701∼1005동),50011
360-779,충북,청주시 상당구,금천동 장자마을현대아파트,(201∼210동),50012
360-766,충북,청주시 상당구,금천동 현대아파트,,50013
360-793,충북,청주시 상당구,금천동 효성아파트,(101∼201동),50014
360-800,충북,청주시 상당구,금천동,1∼100,50015
360-801,충북,청주시 상당구,금천동,101∼150,50016
360-802,충북,청주시 상당구,금천동,151∼198,50017
360-803,충북,청주시 상당구,금천동,199∼350,50018
360-070,충북,청주시 상당구,금천동,,50019
360-041,충북,청주시 상당구,남문로1가,,50020
360-712,충북,청주시 상당구,남문로2가 롯데쇼핑(주)청주영플라자,,50021
360-042,충북,청주시 상당구,남문로2가,,50022
360-120,충북,청주시 상당구,남주동,,50023
360-767,충북,청주시 상당구,내덕1동 보성아파트,,50024
360-806,충북,청주시 상당구,내덕1동,173∼182,50025
360-807,충북,청주시 상당구,내덕1동,213,50026
360-807,충북,청주시 상당구,내덕1동,216-(11)∼219,50027
360-807,충북,청주시 상당구,내덕1동,225∼227-(9),50028
360-807,충북,청주시 상당구,내덕1동,269-(15∼44),50029
360-807,충북,청주시 상당구,내덕1동,271∼273,50030
360-807,충북,청주시 상당구,내덕1동,275∼306,50031
360-806,충북,청주시 상당구,내덕1동,307∼376,50032
360-806,충북,청주시 상당구,내덕1동,550∼615,50033
360-808,충북,청주시 상당구,내덕1동,642∼700,50034
360-806,충북,청주시 상당구,내덕1동,703∼706,50035
360-808,충북,청주시 상당구,내덕1동,710∼719,50036
360-806,충북,청주시 상당구,내덕1동,721∼772,50037
360-808,충북,청주시 상당구,내덕1동,775∼781,50038
360-806,충북,청주시 상당구,내덕1동,788,50039
360-806,충북,청주시 상당구,내덕1동,828,50040
360-171,충북,청주시 상당구,내덕1동,,50041
360-768,충북,청주시 상당구,내덕2동 신화아파트,,50042
360-764,충북,청주시 상당구,내덕2동 청주대학교,,50043
360-804,충북,청주시 상당구,내덕2동,9∼23,50044
360-805,충북,청주시 상당구,내덕2동,41∼60,50045
360-804,충북,청주시 상당구,내덕2동,61∼65,50046
360-805,충북,청주시 상당구,내덕2동,68,50047
360-804,충북,청주시 상당구,내덕2동,73∼170,50048
360-805,충북,청주시 상당구,내덕2동,171∼172,50049
360-804,충북,청주시 상당구,내덕2동,188,50050
360-805,충북,청주시 상당구,내덕2동,194∼212,50051
360-805,충북,청주시 상당구,내덕2동,214∼216-(10),50052
360-805,충북,청주시 상당구,내덕2동,227-(10)∼236,50053
360-805,충북,청주시 상당구,내덕2동,269-(6∼14),50054
360-805,충북,청주시 상당구,내덕2동,270,50055
360-805,충북,청주시 상당구,내덕2동,274∼275,50056
360-805,충북,청주시 상당구,내덕2동,377∼383,50057
360-822,충북,청주시 상당구,내덕2동,386∼402,50058
360-805,충북,청주시 상당구,내덕2동,403∼499,50059
360-822,충북,청주시 상당구,내덕2동,509∼542,50060
360-805,충북,청주시 상당구,내덕2동,813∼827,50061
360-805,충북,청주시 상당구,내덕2동,836,50062
360-172,충북,청주시 상당구,내덕2동,,50063
360-170,충북,청주시 상당구,내덕동,,50064
360-769,충북,청주시 상당구,대성동 우성아파트,,50065
360-082,충북,청주시 상당구,대성동,,50066
360-191,충북,청주시 상당구,명암동,,50067
360-765,충북,청주시 상당구,문화동 충청북도청,,50068
360-030,충북,청주시 상당구,문화동,,50069
360-183,충북,청주시 상당구,방서동,,50070
360-705,충북,청주시 상당구,북문로1가 KT청주지사,,50071
360-706,충북,청주시 상당구,북문로1가 청원군청,,50072
360-011,충북,청주시 상당구,북문로1가 청주우체국,,50073
360-717,충북,청주시 상당구,북문로1가 흥업백화점,,50074
360-011,충북,청주시 상당구,북문로1가,,50075
360-713,충북,청주시 상당구,북문로2가 청주상공회의소,,50076
360-012,충북,청주시 상당구,북문로2가,,50077
360-700,충북,청주시 상당구,북문로3가 청주시청,,50078
360-714,충북,청주시 상당구,북문로3가 한화생명빌딩,,50079
360-013,충북,청주시 상당구,북문로3가,,50080
360-784,충북,청주시 상당구,사천동 동아아파트,,50081
360-774,충북,청주시 상당구,사천동 신동아아파트,,50082
360-794,충북,청주시 상당구,사천동 하우스토리A단지아파트,(101∼106동),50083
360-794,충북,청주시 상당구,사천동 하우스토리B단지아파트,(201∼208동),50084
360-220,충북,청주시 상당구,사천동,,50085
360-192,충북,청주시 상당구,산성동,,50086
360-760,충북,청주시 상당구,서문동 국민연금공단청주지사,,50087
360-130,충북,청주시 상당구,서문동,,50088
360-050,충북,청주시 상당구,서운동,,50089
360-060,충북,청주시 상당구,석교동,,50090
360-112,충북,청주시 상당구,수동,,50091
360-715,충북,청주시 상당구,영동 알리안츠생명빌딩,,50092
360-020,충북,청주시 상당구,영동,,50093
360-708,충북,청주시 상당구,영운동 영운수정아파트,(101∼102동),50094
360-090,충북,청주시 상당구,영운동,,50095
360-567,충북,청주시 상당구,오동동,,50096
360-565,충북,청주시 상당구,외남동,,50097
360-560,충북,청주시 상당구,외평동,,50098
360-566,충북,청주시 상당구,외하동,,50099
360-785,충북,청주시 상당구,용담동 가좌마을2단지부영아파트,(201∼207동),50100
360-787,충북,청주시 상당구,용담동 가좌마을5단지부영아파트,(501∼506동),50101
360-789,충북,청주시 상당구,용담동 가좌마을e-편한세상아파트,(101∼108동),50102
360-786,충북,청주시 상당구,용담동 부영1차e그린아파트,(301∼305동),50103
360-788,충북,청주시 상당구,용담동 세영첼시빌아파트,(101∼111동),50104
360-190,충북,청주시 상당구,용담동,,50105
360-735,충북,청주시 상당구,용암1동 강변뜨란채아파트,(101∼109동),50106
360-770,충북,청주시 상당구,용암1동 건영아파트,(1∼13동),50107
360-778,충북,청주시 상당구,용암1동 용암덕일마이빌아파트,(501∼511동),50108
360-704,충북,청주시 상당구,용암1동 용암임광아파트,(101∼103동),50109
360-736,충북,청주시 상당구,용암1동 용암현대아파트,(101∼306동),50110
360-773,충북,청주시 상당구,용암1동 주공아파트,(101∼105동),50111
360-733,충북,청주시 상당구,용암1동 주공아파트,(201∼207동),50112
360-732,충북,청주시 상당구,용암1동 중흥마을부영아파트,(101∼109동),50113
360-730,충북,청주시 상당구,용암1동 중흥마을부영아파트,(201∼208동),50114
360-731,충북,청주시 상당구,용암1동 중흥마을부영아파트,(601∼609동),50115
360-734,충북,청주시 상당구,용암1동 중흥마을e-그린부영아파트,(301∼305동),50116
360-704,충북,청주시 상당구,용암1동 한우리타운아파트,(101∼103동),50117
360-809,충북,청주시 상당구,용암1동,1∼424,50118
360-809,충북,청주시 상당구,용암1동,443∼1099,50119
360-823,충북,청주시 상당구,용암1동,1100∼1599,50120
360-810,충북,청주시 상당구,용암1동,1600∼1704,50121
360-811,충북,청주시 상당구,용암1동,2092∼2114,50122
360-812,충북,청주시 상당구,용암1동,2115∼3000,50123
360-101,충북,청주시 상당구,용암1동,,50124
360-771,충북,청주시 상당구,용암2동 부영아파트,(101∼106동),50125
360-772,충북,청주시 상당구,용암2동 세원한아름아파트,(101∼112동),50126
360-737,충북,청주시 상당구,용암2동 용암무지개삼일아파트,(101∼107동),50127
360-737,충북,청주시 상당구,용암2동 용암소라아파트,(101∼106동),50128
360-824,충북,청주시 상당구,용암2동,425∼442,50129
360-825,충북,청주시 상당구,용암2동,1705∼2056,50130
360-826,충북,청주시 상당구,용암2동,2057∼2091,50131
360-102,충북,청주시 상당구,용암2동,,50132
360-100,충북,청주시 상당구,용암동,,50133
360-182,충북,청주시 상당구,용정동,,50134
360-701,충북,청주시 상당구,우암동 상당구청,,50135
360-702,충북,청주시 상당구,우암동 청주상당경찰서,,50136
360-813,충북,청주시 상당구,우암동,1∼230,50137
360-814,충북,청주시 상당구,우암동,231∼382,50138
360-815,충북,청주시 상당구,우암동,383∼1300,50139
360-200,충북,청주시 상당구,우암동,,50140
360-187,충북,청주시 상당구,운동동,,50141
360-188,충북,청주시 상당구,월오동,,50142
360-707,충북,청주시 상당구,율량동 KT충북본부,,50143
360-716,충북,청주시 상당구,율량동 동양일보,,50144
360-782,충북,청주시 상당구,율량동 두진백로그린타운,,50145
360-775,충북,청주시 상당구,율량동 럭키아파트,,50146
360-781,충북,청주시 상당구,율량동 삼성아파트,,50147
360-776,충북,청주시 상당구,율량동 현대아파트,,50148
360-816,충북,청주시 상당구,율량동,1∼300,50149
360-817,충북,청주시 상당구,율량동,301∼600,50150
360-818,충북,청주시 상당구,율량동,601∼900,50151
360-819,충북,청주시 상당구,율량동,901∼1200,50152
360-820,충북,청주시 상당구,율량동,1201∼1500,50153
360-821,충북,청주시 상당구,율량동,1501∼2000,50154
360-210,충북,청주시 상당구,율량동,,50155
360-227,충북,청주시 상당구,정북동,,50156
360-226,충북,청주시 상당구,정상동,,50157
360-225,충북,청주시 상당구,정하동,,50158
360-703,충북,청주시 상당구,주성동 충북지방경찰청,,50159
360-215,충북,청주시 상당구,주성동,,50160
360-568,충북,청주시 상당구,주중동,,50161
360-185,충북,청주시 상당구,지북동,,50162
360-777,충북,청주시 상당구,탑동 현대아파트,,50163
360-081,충북,청주시 상당구,탑동,,50164
360-186,충북,청주시 상당구,평촌동,,50165
360-600,충북,청주시 상당구,청주우체국사서함,,50166
361-869,충북,청주시 흥덕구,가경동 가경e-편한세상아파트,(501∼509동),50167
361-869,충북,청주시 흥덕구,가경동 가경대원칸타빌아파트,(401∼408동),50168
361-848,충북,청주시 흥덕구,가경동 가경뜨란채아파트,(701∼805동),50169
361-868,충북,청주시 흥덕구,가경동 가경선광로즈웰아파트,(101∼106동),50170
361-869,충북,청주시 흥덕구,가경동 가경한라비발디아파트,(301∼308동),50171
361-868,충북,청주시 흥덕구,가경동 가경호반베르디움아파트,(201∼210동),50172
361-870,충북,청주시 흥덕구,가경동 가로수마을휴먼시아아파트,(101∼109동),50173
361-729,충북,청주시 흥덕구,가경동 대림아파트,,50174
361-846,충북,청주시 흥덕구,가경동 대우푸르지오아파트,(501∼509동),50175
361-739,충북,청주시 흥덕구,가경동 대원아파트,,50176
361-738,충북,청주시 흥덕구,가경동 덕일아파트,,50177
361-737,충북,청주시 흥덕구,가경동 동부아파트,,50178
361-849,충북,청주시 흥덕구,가경동 드림플러스,,50179
361-730,충북,청주시 흥덕구,가경동 벽산아파트,,50180
361-741,충북,청주시 흥덕구,가경동 삼일아파트,,50181
361-733,충북,청주시 흥덕구,가경동 세원2차아파트,(101∼104동),50182
361-743,충북,청주시 흥덕구,가경동 세원3차아파트,(101∼109동),50183
361-740,충북,청주시 흥덕구,가경동 수정아파트,,50184
361-731,충북,청주시 흥덕구,가경동 신라아파트,,50185
361-700,충북,청주시 흥덕구,가경동 주공아파트,(101∼207동),50186
361-847,충북,청주시 흥덕구,가경동 주공아파트,(601∼607동),50187
361-735,충북,청주시 흥덕구,가경동 진로아파트,,50188
361-855,충북,청주시 흥덕구,가경동 청주문화방송(주),,50189
361-734,충북,청주시 흥덕구,가경동 형석1차아파트,(101∼105동),50190
361-732,충북,청주시 흥덕구,가경동 형석2차아파트,(201∼205동),50191
361-736,충북,청주시 흥덕구,가경동 효성아파트,,50192
361-800,충북,청주시 흥덕구,가경동,1∼1188,50193
361-801,충북,청주시 흥덕구,가경동,1189∼1450,50194
361-802,충북,청주시 흥덕구,가경동,1451∼1509,50195
361-803,충북,청주시 흥덕구,가경동,1510∼1750,50196
361-260,충북,청주시 흥덕구,가경동,,50197
361-872,충북,청주시 흥덕구,강서동,1∼1508,50198
361-380,충북,청주시 흥덕구,강서동,,50199
361-859,충북,청주시 흥덕구,개신동 개신뜨란채아파트,(201∼211동),50200
361-727,충북,청주시 흥덕구,개신동 대우푸르지오아파트,(401∼409동),50201
361-746,충북,청주시 흥덕구,개신동 두산아파트,,50202
361-744,충북,청주시 흥덕구,개신동 두진아파트,,50203
361-748,충북,청주시 흥덕구,개신동 삼익1차아파트,(101∼107동),50204
361-749,충북,청주시 흥덕구,개신동 삼익2차아파트,(201∼206동),50205
361-747,충북,청주시 흥덕구,개신동 송학아파트,,50206
361-709,충북,청주시 흥덕구,개신동 주공1단지아파트,(101∼112동),50207
361-727,충북,청주시 흥덕구,개신동 주공아파트,(301∼306동),50208
361-763,충북,청주시 흥덕구,개신동 충북대학교,,50209
361-711,충북,청주시 흥덕구,개신동 충북대학교병원,,50210
361-790,충북,청주시 흥덕구,개신동 한국방송공사청주방송총국,,50211
361-750,충북,청주시 흥덕구,개신동 한진아파트,,50212
361-751,충북,청주시 흥덕구,개신동 현대아파트,,50213
361-804,충북,청주시 흥덕구,개신동,1∼446,50214
361-805,충북,청주시 흥덕구,개신동,447∼850,50215
361-240,충북,청주시 흥덕구,개신동,,50216
361-440,충북,청주시 흥덕구,남촌동,,50217
361-500,충북,청주시 흥덕구,내곡동,,50218
361-360,충북,청주시 흥덕구,동막동,,50219
361-752,충북,청주시 흥덕구,모충동 금호아파트,,50220
361-742,충북,청주시 흥덕구,모충동 서원대학교,,50221
361-753,충북,청주시 흥덕구,모충동 주공아파트,,50222
361-806,충북,청주시 흥덕구,모충동,1∼229,50223
361-807,충북,청주시 흥덕구,모충동,230∼380,50224
361-808,충북,청주시 흥덕구,모충동,381∼492,50225
361-809,충북,청주시 흥덕구,모충동,493∼750,50226
361-140,충북,청주시 흥덕구,모충동,,50227
361-530,충북,청주시 흥덕구,문암동,,50228
361-754,충북,청주시 흥덕구,미평동 청주교도소,,50229
361-202,충북,청주시 흥덕구,미평동,,50230
361-755,충북,청주시 흥덕구,복대1동 삼화전기,,50231
361-271,충북,청주시 흥덕구,복대1동 서청주우체국,,50232
361-745,충북,청주시 흥덕구,복대1동 영조아파트,(101∼208동),50233
361-871,충북,청주시 흥덕구,복대1동 청주금호어울림아파트,(101∼211동),50234
361-707,충북,청주시 흥덕구,복대1동 청주세무서,,50235
361-810,충북,청주시 흥덕구,복대1동,1∼42,50236
361-811,충북,청주시 흥덕구,복대1동,43∼118,50237
361-844,충북,청주시 흥덕구,복대1동,151∼202,50238
361-810,충북,청주시 흥덕구,복대1동,203∼504,50239
361-811,충북,청주시 흥덕구,복대1동,505∼690,50240
361-811,충북,청주시 흥덕구,복대1동,781∼848,50241
361-815,충북,청주시 흥덕구,복대1동,2449∼3098,50242
361-271,충북,청주시 흥덕구,복대1동,,50243
361-812,충북,청주시 흥덕구,복대2동,119∼150,50244
361-813,충북,청주시 흥덕구,복대2동,691∼780,50245
361-814,충북,청주시 흥덕구,복대2동,849∼979,50246
361-843,충북,청주시 흥덕구,복대2동,980∼993,50247
361-812,충북,청주시 흥덕구,복대2동,994∼1405,50248
361-814,충북,청주시 흥덕구,복대2동,1406∼1499,50249
361-813,충북,청주시 흥덕구,복대2동,1500∼1896,50250
361-812,충북,청주시 흥덕구,복대2동,1897∼2007,50251
361-814,충북,청주시 흥덕구,복대2동,2008∼2197,50252
361-813,충북,청주시 흥덕구,복대2동,2198∼2448,50253
361-272,충북,청주시 흥덕구,복대2동,,50254
361-270,충북,청주시 흥덕구,복대동,,50255
361-756,충북,청주시 흥덕구,봉명1동 주공1단지아파트,(1∼52동),50256
361-816,충북,청주시 흥덕구,봉명1동,166∼235,50257
361-818,충북,청주시 흥덕구,봉명1동,754∼1286,50258
361-301,충북,청주시 흥덕구,봉명1동,,50259
361-856,충북,청주시 흥덕구,봉명2동,2200∼4000,50260
361-758,충북,청주시 흥덕구,봉명2동 LG사원아파트,,50261
361-714,충북,청주시 흥덕구,봉명2동 LG여자기숙사,,50262
361-757,충북,청주시 흥덕구,봉명2동 삼정아파트,,50263
361-715,충북,청주시 흥덕구,봉명2동 인화빌딩,,50264
361-759,충북,청주시 흥덕구,봉명2동 주공2단지아파트,(101∼119동),50265
361-702,충북,청주시 흥덕구,봉명2동 청주흥덕경찰서,,50266
361-760,충북,청주시 흥덕구,봉명2동 푸른아파트,,50267
361-830,충북,청주시 흥덕구,봉명2동 현대아이파크아파트,(101∼119동),50268
361-820,충북,청주시 흥덕구,봉명2동,1∼165,50269
361-817,충북,청주시 흥덕구,봉명2동,236∼753,50270
361-819,충북,청주시 흥덕구,봉명2동,1287∼1839,50271
361-820,충북,청주시 흥덕구,봉명2동,1840∼2199,50272
361-302,충북,청주시 흥덕구,봉명2동,,50273
361-300,충북,청주시 흥덕구,봉명동,,50274
361-854,충북,청주시 흥덕구,분평동 대원아파트,(901∼907동),50275
361-724,충북,청주시 흥덕구,분평동 대전지방노동청청주지청,,50276
361-761,충북,청주시 흥덕구,분평동 보성아파트,,50277
361-710,충북,청주시 흥덕구,분평동 분평1단지뜨란채아파트,(101∼113동),50278
361-762,충북,청주시 흥덕구,분평동 우성1차아파트,(101∼105동),50279
361-764,충북,청주시 흥덕구,분평동 우성2차아파트,(201∼206동),50280
361-765,충북,청주시 흥덕구,분평동 주공2차아파트,(201∼216동),50281
361-767,충북,청주시 흥덕구,분평동 주공3차아파트,(301∼325동),50282
361-768,충북,청주시 흥덕구,분평동 주공4차아파트,(401∼415동),50283
361-770,충북,청주시 흥덕구,분평동 주공5차아파트,(501∼516동),50284
361-771,충북,청주시 흥덕구,분평동 주공6차아파트,(601∼616동),50285
361-772,충북,청주시 흥덕구,분평동 주공7차아파트,(701∼714동),50286
361-853,충북,청주시 흥덕구,분평동 주은아파트,(908∼915동),50287
361-769,충북,청주시 흥덕구,분평동 한국농촌공사충북지역본부,,50288
361-852,충북,청주시 흥덕구,분평동 현대대우아파트,(801∼812동),50289
361-821,충북,청주시 흥덕구,분평동,1∼320,50290
361-822,충북,청주시 흥덕구,분평동,321∼1261,50291
361-823,충북,청주시 흥덕구,분평동,1262∼1550,50292
361-201,충북,청주시 흥덕구,분평동,,50293
361-858,충북,청주시 흥덕구,비하동 계룡리슈빌아파트,(101∼106동),50294
361-873,충북,청주시 흥덕구,비하동 비하계룡리슈빌2차아파트,(201∼212동),50295
361-773,충북,청주시 흥덕구,비하동 효성아파트,,50296
361-824,충북,청주시 흥덕구,비하동,1∼34,50297
361-825,충북,청주시 흥덕구,비하동,35∼1000,50298
361-370,충북,청주시 흥덕구,비하동,,50299
361-706,충북,청주시 흥덕구,사직1동 KT서청주지사,,50300
361-701,충북,청주시 흥덕구,사직1동 흥덕구청,,50301
361-827,충북,청주시 흥덕구,사직1동,133∼144,50302
361-827,충북,청주시 흥덕구,사직1동,145∼165,50303
361-827,충북,청주시 흥덕구,사직1동,171∼200,50304
361-827,충북,청주시 흥덕구,사직1동,201∼236,50305
361-828,충북,청주시 흥덕구,사직1동,237∼351,50306
361-828,충북,청주시 흥덕구,사직1동,503∼537,50307
361-829,충북,청주시 흥덕구,사직1동,538∼586,50308
361-828,충북,청주시 흥덕구,사직1동,735∼781,50309
361-829,충북,청주시 흥덕구,사직1동,782∼923,50310
361-101,충북,청주시 흥덕구,사직1동,,50311
361-717,충북,청주시 흥덕구,사직2동 국민건강보험공단청주동부지사,,50312
361-713,충북,청주시 흥덕구,사직2동 청주푸르지오캐슬아파트,(101∼508동),50313
361-826,충북,청주시 흥덕구,사직2동,1∼132,50314
361-826,충북,청주시 흥덕구,사직2동,166∼170,50315
361-826,충북,청주시 흥덕구,사직2동,352∼502,50316
361-845,충북,청주시 흥덕구,사직2동,587∼730,50317
361-826,충북,청주시 흥덕구,사직2동,731∼734,50318
361-102,충북,청주시 흥덕구,사직2동,,50319
361-100,충북,청주시 흥덕구,사직동,,50320
361-716,충북,청주시 흥덕구,사창동 SK텔레콤충북지사,,50321
361-775,충북,청주시 흥덕구,사창동 사창대원칸타빌아파트,(101∼111동),50322
361-718,충북,청주시 흥덕구,사창동 삼성생명빌딩,,50323
361-766,충북,청주시 흥덕구,사창동 충청일보,,50324
361-831,충북,청주시 흥덕구,사창동,1∼185,50325
361-832,충북,청주시 흥덕구,사창동,186∼255,50326
361-833,충북,청주시 흥덕구,사창동,256∼650,50327
361-280,충북,청주시 흥덕구,사창동,,50328
361-863,충북,청주시 흥덕구,산남동 대원칸타빌아파트,(101∼108동),50329
361-864,충북,청주시 흥덕구,산남동 대원칸타빌아파트,(201∼208동),50330
361-867,충북,청주시 흥덕구,산남동 부영사랑으로아파트,(101∼112동),50331
361-865,충북,청주시 흥덕구,산남동 산남계룡리슈빌아파트,(101∼112동),50332
361-860,충북,청주시 흥덕구,산남동 산남퀸덤아파트,(101∼109동),50333
361-862,충북,청주시 흥덕구,산남동 산남푸르지오아파트,(101∼113동),50334
361-866,충북,청주시 흥덕구,산남동 유승한내들아파트,(101∼107동),50335
361-708,충북,청주시 흥덕구,산남동 청주여자교도소,,50336
361-704,충북,청주시 흥덕구,산남동 청주지방검찰청,,50337
361-705,충북,청주시 흥덕구,산남동 청주지방법원,,50338
361-861,충북,청주시 흥덕구,산남동 청주현진에버빌아파트,(101∼108동),50339
361-703,충북,청주시 흥덕구,산남동 충청북도교육청,,50340
361-160,충북,청주시 흥덕구,산남동,,50341
361-510,충북,청주시 흥덕구,상신동,,50342
361-410,충북,청주시 흥덕구,서촌동,,50343
361-390,충북,청주시 흥덕구,석곡동,,50344
361-340,충북,청주시 흥덕구,석소동,,50345
361-774,충북,청주시 흥덕구,성화동 성화주공1단지아파트,(101∼108동),50346
361-875,충북,청주시 흥덕구,성화동 호반베르디움아파트,(101∼113동),50347
361-230,충북,청주시 흥덕구,성화동,,50348
361-540,충북,청주시 흥덕구,송절동,,50349
361-874,충북,청주시 흥덕구,송정동 (주)심텍,,50350
361-776,충북,청주시 흥덕구,송정동 (주)에이치앤티,,50351
361-721,충북,청주시 흥덕구,송정동 LG화학청주공장,,50352
361-720,충북,청주시 흥덕구,송정동 LS산전청주1공장,,50353
361-777,충북,청주시 흥덕구,송정동 대원모방,,50354
361-778,충북,청주시 흥덕구,송정동 롯데햄우유,,50355
361-779,충북,청주시 흥덕구,송정동 맥슨전자,,50356
361-780,충북,청주시 흥덕구,송정동 신흥기업,,50357
361-781,충북,청주시 흥덕구,송정동 우성모직,,50358
361-782,충북,청주시 흥덕구,송정동 정식품,,50359
361-783,충북,청주시 흥덕구,송정동 조광피혁,,50360
361-784,충북,청주시 흥덕구,송정동 한국도자기(1),,50361
361-785,충북,청주시 흥덕구,송정동 한국도자기(2),,50362
361-857,충북,청주시 흥덕구,송정동 한국폴리텍Ⅳ대학청주캠퍼스,,50363
361-290,충북,청주시 흥덕구,송정동,,50364
361-722,충북,청주시 흥덕구,수곡1동 LH충북지역본부,,50365
361-786,충북,청주시 흥덕구,수곡1동 산남주공1단지아파트,(101∼131동),50366
361-788,충북,청주시 흥덕구,수곡1동 산남주공3단지아파트,(301∼307동),50367
361-712,충북,청주시 흥덕구,수곡1동 청주교육대학교,,50368
361-834,충북,청주시 흥덕구,수곡1동,1∼29,50369
361-835,충북,청주시 흥덕구,수곡1동,30∼38,50370
361-834,충북,청주시 흥덕구,수곡1동,39∼59,50371
361-835,충북,청주시 흥덕구,수곡1동,60∼67,50372
361-834,충북,청주시 흥덕구,수곡1동,68∼69,50373
361-835,충북,청주시 흥덕구,수곡1동,70∼76,50374
361-834,충북,청주시 흥덕구,수곡1동,77∼81,50375
361-836,충북,청주시 흥덕구,수곡1동,82∼229,50376
361-835,충북,청주시 흥덕구,수곡1동,230∼350,50377
361-151,충북,청주시 흥덕구,수곡1동,,50378
361-792,충북,청주시 흥덕구,수곡2동 두진하트리움아파트,(101∼106동),50379
361-787,충북,청주시 흥덕구,수곡2동 산남주공2단지아파트,(201∼209동),50380
361-789,충북,청주시 흥덕구,수곡2동 산남주공4단지아파트,(401∼411동),50381
361-793,충북,청주시 흥덕구,수곡2동 세원청실아파트,,50382
361-791,충북,청주시 흥덕구,수곡2동 세원홍실아파트,,50383
361-003,충북,청주시 흥덕구,수곡2동 청주우편집중국,,50384
361-794,충북,청주시 흥덕구,수곡2동 한마음1차아파트,,50385
361-794,충북,청주시 흥덕구,수곡2동 한마음2차아파트,,50386
361-837,충북,청주시 흥덕구,수곡2동,351∼577,50387
361-838,충북,청주시 흥덕구,수곡2동,578∼774,50388
361-837,충북,청주시 흥덕구,수곡2동,775∼777,50389
361-838,충북,청주시 흥덕구,수곡2동,778∼1021,50390
361-152,충북,청주시 흥덕구,수곡2동,,50391
361-150,충북,청주시 흥덕구,수곡동,,50392
361-330,충북,청주시 흥덕구,수의동,,50393
361-470,충북,청주시 흥덕구,신대동,,50394
361-796,충북,청주시 흥덕구,신봉동 삼성아파트,,50395
361-795,충북,청주시 흥덕구,신봉동 삼정아파트,,50396
361-797,충북,청주시 흥덕구,신봉동 운천주공아파트,,50397
361-839,충북,청주시 흥덕구,신봉동,1∼314,50398
361-840,충북,청주시 흥덕구,신봉동,315∼550,50399
361-111,충북,청주시 흥덕구,신봉동,,50400
361-450,충북,청주시 흥덕구,신성동,,50401
361-320,충북,청주시 흥덕구,신전동,,50402
361-430,충북,청주시 흥덕구,신촌동,,50403
361-490,충북,청주시 흥덕구,외북동,,50404
361-723,충북,청주시 흥덕구,운천동 국민건강보험공단청주서부지사,,50405
361-799,충북,청주시 흥덕구,운천동 삼일아파트,,50406
361-798,충북,청주시 흥덕구,운천동 진양아파트,,50407
361-841,충북,청주시 흥덕구,운천동,1∼1209,50408
361-842,충북,청주시 흥덕구,운천동,1210∼2000,50409
361-110,충북,청주시 흥덕구,운천동,,50410
361-520,충북,청주시 흥덕구,원평동,,50411
361-206,충북,청주시 흥덕구,장성동,,50412
361-205,충북,청주시 흥덕구,장암동,,50413
361-420,충북,청주시 흥덕구,정봉동,,50414
361-850,충북,청주시 흥덕구,죽림동 가경주공아파트,(301∼307동),50415
361-851,충북,청주시 흥덕구,죽림동 가경주공아파트,(401∼410동),50416
361-250,충북,청주시 흥덕구,죽림동,,50417
361-400,충북,청주시 흥덕구,지동동,,50418
361-460,충북,청주시 흥덕구,평동,,50419
361-726,충북,청주시 흥덕구,향정동 LG전자청주공장,,50420
361-728,충북,청주시 흥덕구,향정동 매그나칩반도체,,50421
361-719,충북,청주시 흥덕구,향정동 하이닉스반도체여자기숙사,,50422
361-725,충북,청주시 흥덕구,향정동 하이닉스반도체청주사업장,,50423
361-480,충북,청주시 흥덕구,향정동,,50424
361-350,충북,청주시 흥덕구,현암동,,50425
361-550,충북,청주시 흥덕구,화계동,,50426
361-310,충북,청주시 흥덕구,휴암동,,50427
361-600,충북,청주시 흥덕구,서청주우체국사서함,,50428
380-170,충북,충주시,가주동,,50429
380-704,충북,충주시,교현2동 건국대학교의료원충주병원,,50430
380-752,충북,충주시,교현2동 교현아파트,,50431
380-705,충북,충주시,교현2동 청주지방법원충주지원,,50432
380-951,충북,충주시,교현2동,360∼368,50433
380-951,충북,충주시,교현2동,370∼374,50434
380-951,충북,충주시,교현2동,379∼386,50435
380-951,충북,충주시,교현2동,509∼765,50436
380-954,충북,충주시,교현2동,1084∼1900,50437
380-062,충북,충주시,교현2동,,50438
380-708,충북,충주시,교현동 근로복지공단충주지사,,50439
380-751,충북,충주시,교현동 남산주공아파트,(101∼308동),50440
380-784,충북,충주시,교현동 중흥S클래스아파트,(101∼106동),50441
380-950,충북,충주시,교현동,1∼359,50442
380-950,충북,충주시,교현동,369,50443
380-950,충북,충주시,교현동,375∼378,50444
380-950,충북,충주시,교현동,387∼508,50445
380-953,충북,충주시,교현동,766∼1083,50446
380-060,충북,충주시,교현동,,50447
380-706,충북,충주시,금릉동 국민건강보험공단충주지사,,50448
380-707,충북,충주시,금릉동 국민연금공단충주지사,,50449
380-700,충북,충주시,금릉동 충주시청,,50450
380-230,충북,충주시,금릉동,,50451
380-701,충북,충주시,단월동 건국대학교GLOCAL캠퍼스,,50452
380-150,충북,충주시,단월동,,50453
380-190,충북,충주시,달천동,,50454
380-260,충북,충주시,목벌동,,50455
380-703,충북,충주시,목행동 코스모신소재(주)충주지점,,50456
380-782,충북,충주시,목행동 한라비발디아파트,(101∼111동),50457
380-240,충북,충주시,목행동,,50458
380-753,충북,충주시,문화동 럭키문화아파트,,50459
380-955,충북,충주시,문화동,1∼200,50460
380-956,충북,충주시,문화동,201∼1400,50461
380-957,충북,충주시,문화동,1401∼1900,50462
380-958,충북,충주시,문화동,1901∼2700,50463
380-956,충북,충주시,문화동,2701∼4000,50464
380-180,충북,충주시,문화동,,50465
380-959,충북,충주시,봉방동,1∼200,50466
380-960,충북,충주시,봉방동,201∼600,50467
380-080,충북,충주시,봉방동,,50468
380-030,충북,충주시,성남동,,50469
380-010,충북,충주시,성내동 충주우체국,,50470
380-010,충북,충주시,성내동,,50471
380-020,충북,충주시,성서동,,50472
380-779,충북,충주시,안림동 안림LG아파트,(101∼106동),50473
380-110,충북,충주시,안림동,,50474
380-781,충북,충주시,연수동 계룡리슈빌아파트,(101∼107동),50475
380-754,충북,충주시,연수동 두진1차아파트,,50476
380-754,충북,충주시,연수동 두진2차아파트,,50477
380-754,충북,충주시,연수동 두진3차아파트,,50478
380-771,충북,충주시,연수동 삼성2차아파트,(101∼106동),50479
380-755,충북,충주시,연수동 세원연수아파트,,50480
380-769,충북,충주시,연수동 세원한아름아파트,,50481
380-778,충북,충주시,연수동 연수아이파크,(101∼109동),50482
380-781,충북,충주시,연수동 연수힐스테이트아파트,(101∼111동),50483
380-759,충북,충주시,연수동 유원1차아파트,,50484
380-759,충북,충주시,연수동 유원2차아파트,,50485
380-772,충북,충주시,연수동 임광아파트,,50486
380-757,충북,충주시,연수동 주공1단지아파트,(101∼118동),50487
380-765,충북,충주시,연수동 주공2단지아파트,(201∼208동),50488
380-766,충북,충주시,연수동 주공3단지아파트,(301∼308동),50489
380-767,충북,충주시,연수동 주공4단지아파트,(401∼411동),50490
380-768,충북,충주시,연수동 주공5단지아파트,(501∼503동),50491
380-780,충북,충주시,연수동 주공6단지아파트,(601∼607동),50492
380-770,충북,충주시,연수동 한우리부강아파트,,50493
380-961,충북,충주시,연수동,1∼550,50494
380-962,충북,충주시,연수동,551∼700,50495
380-963,충북,충주시,연수동,701∼1500,50496
380-100,충북,충주시,연수동,,50497
380-200,충북,충주시,용관동,,50498
380-210,충북,충주시,용두동,,50499
380-774,충북,충주시,용산동 영진보람아파트,,50500
380-760,충북,충주시,용산동 주공1단지아파트,(1∼16동),50501
380-761,충북,충주시,용산동 주공2단지아파트,(201∼208동),50502
380-773,충북,충주시,용산동 주공3단지아파트,(301∼309동),50503
380-090,충북,충주시,용산동,,50504
380-250,충북,충주시,용탄동,,50505
380-120,충북,충주시,종민동,,50506
380-070,충북,충주시,지현동,,50507
380-140,충북,충주시,직동,,50508
380-050,충북,충주시,충의동,,50509
380-040,충북,충주시,충인동,,50510
380-762,충북,충주시,칠금동 부영1차아파트,,50511
380-762,충북,충주시,칠금동 부영2차아파트,,50512
380-777,충북,충주시,칠금동 코오롱동신아파트,(101∼107동),50513
380-777,충북,충주시,칠금동 코오롱동신아파트,(201∼207동),50514
380-776,충북,충주시,칠금동 현대아파트,(101∼106동),50515
380-964,충북,충주시,칠금동,1∼500,50516
380-965,충북,충주시,칠금동,501∼1500,50517
380-220,충북,충주시,칠금동,,50518
380-160,충북,충주시,풍동,,50519
380-763,충북,충주시,호암동 세경아파트,,50520
380-783,충북,충주시,호암동 세영더조은아파트,(101∼107동),50521
380-966,충북,충주시,호암동,1∼200,50522
380-967,충북,충주시,호암동,201∼1000,50523
380-130,충북,충주시,호암동,,50524
380-881,충북,충주시,주덕읍 당우리,,50525
380-882,충북,충주시,주덕읍 대곡리,,50526
380-881,충북,충주시,주덕읍 덕련리,,50527
380-883,충북,충주시,주덕읍 사락리,,50528
380-882,충북,충주시,주덕읍 삼청리,,50529
380-884,충북,충주시,주덕읍 신양리,,50530
380-881,충북,충주시,주덕읍 신중리,,50531
380-881,충북,충주시,주덕읍 장록리,,50532
380-883,충북,충주시,주덕읍 제내리,,50533
380-882,충북,충주시,주덕읍 창전리,,50534
380-883,충북,충주시,주덕읍 화곡리,,50535
380-880,충북,충주시,주덕읍,,50536
380-921,충북,충주시,가금면 가흥리,,50537
380-922,충북,충주시,가금면 루암리,,50538
380-921,충북,충주시,가금면 봉황리,,50539
380-922,충북,충주시,가금면 용전리,,50540
380-921,충북,충주시,가금면 장천리,,50541
380-922,충북,충주시,가금면 창동리,,50542
380-921,충북,충주시,가금면 탑평리,,50543
380-922,충북,충주시,가금면 하구암리,,50544
380-920,충북,충주시,가금면,,50545
380-821,충북,충주시,금가면 가곡리,,50546
380-821,충북,충주시,금가면 도촌리,,50547
380-821,충북,충주시,금가면 두담리,,50548
380-829,충북,충주시,금가면 매하리 사서함,383,50549
380-822,충북,충주시,금가면 매하리,,50550
380-822,충북,충주시,금가면 문산리,,50551
380-822,충북,충주시,금가면 사암리,,50552
380-823,충북,충주시,금가면 오석리,,50553
380-823,충북,충주시,금가면 원포리,,50554
380-823,충북,충주시,금가면 월상리,,50555
380-823,충북,충주시,금가면 유송리,,50556
380-821,충북,충주시,금가면 잠병리,,50557
380-823,충북,충주시,금가면 하담리,,50558
380-820,충북,충주시,금가면,,50559
380-911,충북,충주시,노은면 가신1리,,50560
380-912,충북,충주시,노은면 가신2리,,50561
380-911,충북,충주시,노은면 가신3리,,50562
380-911,충북,충주시,노은면 가신리,,50563
380-912,충북,충주시,노은면 대덕리,,50564
380-911,충북,충주시,노은면 문성1리,,50565
380-911,충북,충주시,노은면 문성2리,,50566
380-913,충북,충주시,노은면 문성3리,,50567
380-911,충북,충주시,노은면 문성리,,50568
380-912,충북,충주시,노은면 법동리,,50569
380-913,충북,충주시,노은면 수룡리,,50570
380-913,충북,충주시,노은면 신효리,,50571
380-912,충북,충주시,노은면 안락리,,50572
380-911,충북,충주시,노은면 연하리,,50573
380-910,충북,충주시,노은면,,50574
380-702,충북,충주시,대소원면 검단리 한국교통대학교,,50575
380-871,충북,충주시,대소원면 검단리,,50576
380-872,충북,충주시,대소원면 금곡리,,50577
380-872,충북,충주시,대소원면 대소리,,50578
380-873,충북,충주시,대소원면 두정리,,50579
380-873,충북,충주시,대소원면 만정리,,50580
380-874,충북,충주시,대소원면 매현리,,50581
380-874,충북,충주시,대소원면 문주리,,50582
380-871,충북,충주시,대소원면 본리,,50583
380-871,충북,충주시,대소원면 영평리,,50584
380-871,충북,충주시,대소원면 완오리,,50585
380-873,충북,충주시,대소원면 장성리,,50586
380-874,충북,충주시,대소원면 탄용리,,50587
380-870,충북,충주시,대소원면,,50588
380-812,충북,충주시,동량면 대전리,,50589
380-811,충북,충주시,동량면 서운리,,50590
380-813,충북,충주시,동량면 손동리,,50591
380-814,충북,충주시,동량면 용교리,,50592
380-814,충북,충주시,동량면 조동리,,50593
380-813,충북,충주시,동량면 지동리,,50594
380-813,충북,충주시,동량면 하천리,,50595
380-811,충북,충주시,동량면 화암리,,50596
380-810,충북,충주시,동량면,,50597
380-833,충북,충주시,산척면 명서리,,50598
380-832,충북,충주시,산척면 석천리,,50599
380-832,충북,충주시,산척면 송강리,,50600
380-831,충북,충주시,산척면 영덕리,,50601
380-830,충북,충주시,산척면,,50602
380-931,충북,충주시,살미면 공이리,,50603
380-931,충북,충주시,살미면 내사리,,50604
380-932,충북,충주시,살미면 문강리,,50605
380-933,충북,충주시,살미면 설운리,,50606
380-933,충북,충주시,살미면 세성1리,,50607
380-932,충북,충주시,살미면 세성2리,,50608
380-933,충북,충주시,살미면 세성3리,,50609
380-933,충북,충주시,살미면 세성리,,50610
380-931,충북,충주시,살미면 신당리,,50611
380-933,충북,충주시,살미면 신매리,,50612
380-931,충북,충주시,살미면 용천리,,50613
380-933,충북,충주시,살미면 재오개리,,50614
380-932,충북,충주시,살미면 토계리,,50615
380-932,충북,충주시,살미면 향산리,,50616
380-930,충북,충주시,살미면,,50617
380-851,충북,충주시,소태면 구룡리,,50618
380-852,충북,충주시,소태면 덕은리,,50619
380-851,충북,충주시,소태면 동막리,,50620
380-852,충북,충주시,소태면 복탄리,,50621
380-851,충북,충주시,소태면 야동리,,50622
380-851,충북,충주시,소태면 야촌리,,50623
380-851,충북,충주시,소태면 양촌리,,50624
380-852,충북,충주시,소태면 오량리,,50625
380-851,충북,충주시,소태면 외촌리,,50626
380-851,충북,충주시,소태면 은대리,,50627
380-851,충북,충주시,소태면 주치리,,50628
380-852,충북,충주시,소태면 중청리,,50629
380-852,충북,충주시,소태면 하남리,,50630
380-850,충북,충주시,소태면,,50631
380-756,충북,충주시,수안보면 중앙경찰학교,,50632
380-941,충북,충주시,수안보면 고운리,,50633
380-942,충북,충주시,수안보면 미륵리,,50634
380-942,충북,충주시,수안보면 사문리,,50635
380-941,충북,충주시,수안보면 수회리,,50636
380-942,충북,충주시,수안보면 안보리,,50637
380-943,충북,충주시,수안보면 온천1리,,50638
380-943,충북,충주시,수안보면 온천2리,,50639
380-943,충북,충주시,수안보면 온천3리,,50640
380-942,충북,충주시,수안보면 온천4리,,50641
380-943,충북,충주시,수안보면 온천리,,50642
380-941,충북,충주시,수안보면 중산리,,50643
380-942,충북,충주시,수안보면 화천리,,50644
380-940,충북,충주시,수안보면,,50645
380-891,충북,충주시,신니면 견학리,,50646
380-892,충북,충주시,신니면 광월리,,50647
380-892,충북,충주시,신니면 대화리,,50648
380-893,충북,충주시,신니면 마수리,,50649
380-892,충북,충주시,신니면 모남리,,50650
380-892,충북,충주시,신니면 문락리,,50651
380-893,충북,충주시,신니면 문숭리,,50652
380-891,충북,충주시,신니면 선당리,,50653
380-892,충북,충주시,신니면 송암리,,50654
380-893,충북,충주시,신니면 신청리,,50655
380-891,충북,충주시,신니면 용원리,,50656
380-891,충북,충주시,신니면 원평리,,50657
380-893,충북,충주시,신니면 화석리,,50658
380-890,충북,충주시,신니면,,50659
380-861,충북,충주시,앙성면 강천리,,50660
380-863,충북,충주시,앙성면 능암리,,50661
380-861,충북,충주시,앙성면 단암리,,50662
380-863,충북,충주시,앙성면 돈산리,,50663
380-863,충북,충주시,앙성면 마련리,,50664
380-861,충북,충주시,앙성면 모점리,,50665
380-865,충북,충주시,앙성면 목미리,,50666
380-862,충북,충주시,앙성면 본평리,,50667
380-864,충북,충주시,앙성면 사미리,,50668
380-864,충북,충주시,앙성면 영죽리,,50669
380-862,충북,충주시,앙성면 용대리,,50670
380-865,충북,충주시,앙성면 용포리,,50671
380-863,충북,충주시,앙성면 조천리,,50672
380-861,충북,충주시,앙성면 중전리,,50673
380-862,충북,충주시,앙성면 지당리,,50674
380-860,충북,충주시,앙성면,,50675
380-841,충북,충주시,엄정면 가춘리,,50676
380-841,충북,충주시,엄정면 괴동리,,50677
380-842,충북,충주시,엄정면 논강리,,50678
380-842,충북,충주시,엄정면 목계리,,50679
380-843,충북,충주시,엄정면 미내리,,50680
380-841,충북,충주시,엄정면 신만리,,50681
380-843,충북,충주시,엄정면 용산리,,50682
380-844,충북,충주시,엄정면 원곡리,,50683
380-844,충북,충주시,엄정면 유봉리,,50684
380-842,충북,충주시,엄정면 율능리,,50685
380-841,충북,충주시,엄정면 추평리,,50686
380-840,충북,충주시,엄정면,,50687
380-600,충북,충주시,충주우체국사서함,,50688
367-800,충북,괴산군,괴산읍 괴산우체국,,50689
367-801,충북,괴산군,괴산읍 검승리,,50690
367-802,충북,괴산군,괴산읍 금산리,,50691
367-803,충북,괴산군,괴산읍 능촌리,,50692
367-801,충북,괴산군,괴산읍 대덕리,,50693
367-804,충북,괴산군,괴산읍 대사리,,50694
367-700,충북,괴산군,괴산읍 동부리 중원대학교,,50695
367-805,충북,괴산군,괴산읍 동부리,,50696
367-803,충북,괴산군,괴산읍 사창리,,50697
367-802,충북,괴산군,괴산읍 서부리,,50698
367-802,충북,괴산군,괴산읍 수진리,,50699
367-803,충북,괴산군,괴산읍 신기리,,50700
367-803,충북,괴산군,괴산읍 신항리,,50701
367-804,충북,괴산군,괴산읍 인산리,,50702
367-804,충북,괴산군,괴산읍 정용리,,50703
367-801,충북,괴산군,괴산읍 제월리,,50704
367-800,충북,괴산군,괴산읍,,50705
367-891,충북,괴산군,감물면 광전리,,50706
367-891,충북,괴산군,감물면 광지실리,,50707
367-892,충북,괴산군,감물면 구월리,,50708
367-891,충북,괴산군,감물면 매전리,,50709
367-892,충북,괴산군,감물면 백양리,,50710
367-891,충북,괴산군,감물면 상미전리,,50711
367-893,충북,괴산군,감물면 신대리,,50712
367-893,충북,괴산군,감물면 오성리,,50713
367-893,충북,괴산군,감물면 오창리,,50714
367-892,충북,괴산군,감물면 이담리,,50715
367-891,충북,괴산군,감물면 하미전리,,50716
367-890,충북,괴산군,감물면,,50717
367-851,충북,괴산군,문광면 광덕리,,50718
367-852,충북,괴산군,문광면 대명리,,50719
367-852,충북,괴산군,문광면 문법리,,50720
367-853,충북,괴산군,문광면 방성리,,50721
367-852,충북,괴산군,문광면 송평리,,50722
367-852,충북,괴산군,문광면 신기리,,50723
367-851,충북,괴산군,문광면 양곡리,1∼599,50724
367-853,충북,괴산군,문광면 양곡리,600∼1000,50725
367-851,충북,괴산군,문광면 옥성리,,50726
367-852,충북,괴산군,문광면 유평리,,50727
367-851,충북,괴산군,문광면 흑석리,,50728
367-850,충북,괴산군,문광면,,50729
367-911,충북,괴산군,불정면 목도리,,50730
367-912,충북,괴산군,불정면 삼방리,,50731
367-913,충북,괴산군,불정면 세평리,,50732
367-913,충북,괴산군,불정면 신흥리,,50733
367-911,충북,괴산군,불정면 앵천리,,50734
367-912,충북,괴산군,불정면 외령리,,50735
367-912,충북,괴산군,불정면 웅동리,,50736
367-913,충북,괴산군,불정면 지장리,,50737
367-911,충북,괴산군,불정면 창산리,,50738
367-911,충북,괴산군,불정면 추산리,,50739
367-911,충북,괴산군,불정면 탑촌리,,50740
367-913,충북,괴산군,불정면 하문리,,50741
367-910,충북,괴산군,불정면,,50742
367-821,충북,괴산군,사리면 노송리,,50743
367-822,충북,괴산군,사리면 방축리,,50744
367-822,충북,괴산군,사리면 사담리,,50745
367-821,충북,괴산군,사리면 소매리,,50746
367-823,충북,괴산군,사리면 수암리,,50747
367-823,충북,괴산군,사리면 이곡리,,50748
367-821,충북,괴산군,사리면 중흥리,,50749
367-823,충북,괴산군,사리면 화산리,,50750
367-820,충북,괴산군,사리면,,50751
367-921,충북,괴산군,소수면 고마리,,50752
367-921,충북,괴산군,소수면 길선리,,50753
367-921,충북,괴산군,소수면 몽촌리,,50754
367-921,충북,괴산군,소수면 소암리,,50755
367-922,충북,괴산군,소수면 수리,,50756
367-922,충북,괴산군,소수면 아성리,,50757
367-921,충북,괴산군,소수면 옥현리,,50758
367-922,충북,괴산군,소수면 입암리,,50759
367-920,충북,괴산군,소수면,,50760
367-881,충북,괴산군,연풍면 갈금리,,50761
367-882,충북,괴산군,연풍면 괴정리,,50762
367-883,충북,괴산군,연풍면 교촌리,,50763
367-881,충북,괴산군,연풍면 배상리,,50764
367-882,충북,괴산군,연풍면 분지리,,50765
367-883,충북,괴산군,연풍면 삼풍리,,50766
367-883,충북,괴산군,연풍면 원풍리,,50767
367-881,충북,괴산군,연풍면 유상리,,50768
367-881,충북,괴산군,연풍면 유하리,,50769
367-883,충북,괴산군,연풍면 율전리,,50770
367-881,충북,괴산군,연풍면 적석리,,50771
367-882,충북,괴산군,연풍면 주진리,,50772
367-882,충북,괴산군,연풍면 행정리,,50773
367-882,충북,괴산군,연풍면 행촌리,,50774
367-883,충북,괴산군,연풍면 홍문리,,50775
367-880,충북,괴산군,연풍면,,50776
367-871,충북,괴산군,장연면 광진리,,50777
367-871,충북,괴산군,장연면 방곡리,,50778
367-872,충북,괴산군,장연면 석산리,,50779
367-872,충북,괴산군,장연면 송덕리,,50780
367-872,충북,괴산군,장연면 오가리,,50781
367-872,충북,괴산군,장연면 장암리,,50782
367-871,충북,괴산군,장연면 조곡리,,50783
367-871,충북,괴산군,장연면 추점리,,50784
367-870,충북,괴산군,장연면,,50785
367-831,충북,괴산군,청안면 금신리,,50786
367-832,충북,괴산군,청안면 문당리,,50787
367-833,충북,괴산군,청안면 문방리,,50788
367-832,충북,괴산군,청안면 백봉리,,50789
367-834,충북,괴산군,청안면 부흥리,,50790
367-832,충북,괴산군,청안면 운곡리,,50791
367-831,충북,괴산군,청안면 읍내리,,50792
367-834,충북,괴산군,청안면 장암리,,50793
367-833,충북,괴산군,청안면 조천리,,50794
367-831,충북,괴산군,청안면 청용리,,50795
367-833,충북,괴산군,청안면 효근리,,50796
367-830,충북,괴산군,청안면,,50797
367-841,충북,괴산군,청천면 강평리,,50798
367-842,충북,괴산군,청천면 거봉리,,50799
367-843,충북,괴산군,청천면 고성리,,50800
367-844,충북,괴산군,청천면 관평리,,50801
367-841,충북,괴산군,청천면 귀만리,,50802
367-845,충북,괴산군,청천면 금평리,,50803
367-842,충북,괴산군,청천면 대전리,,50804
367-846,충북,괴산군,청천면 대티리,,50805
367-842,충북,괴산군,청천면 덕평리,,50806
367-846,충북,괴산군,청천면 도원리,,50807
367-846,충북,괴산군,청천면 무릉리,,50808
367-845,충북,괴산군,청천면 부성리,,50809
367-844,충북,괴산군,청천면 사기막리,,50810
367-841,충북,괴산군,청천면 사담리,,50811
367-845,충북,괴산군,청천면 삼락리,,50812
367-847,충북,괴산군,청천면 삼송리,,50813
367-841,충북,괴산군,청천면 상신리,,50814
367-843,충북,괴산군,청천면 선평리,,50815
367-847,충북,괴산군,청천면 송면리,,50816
367-841,충북,괴산군,청천면 신월리,,50817
367-842,충북,괴산군,청천면 여사왕리,,50818
367-844,충북,괴산군,청천면 운교리,,50819
367-845,충북,괴산군,청천면 월문리,,50820
367-847,충북,괴산군,청천면 이평리,,50821
367-845,충북,괴산군,청천면 지경리,,50822
367-844,충북,괴산군,청천면 지촌리,,50823
367-843,충북,괴산군,청천면 청천리,,50824
367-841,충북,괴산군,청천면 평단리,,50825
367-846,충북,괴산군,청천면 화양리,,50826
367-842,충북,괴산군,청천면 후영리,,50827
367-843,충북,괴산군,청천면 후평리,,50828
367-840,충북,괴산군,청천면,,50829
367-861,충북,괴산군,칠성면 갈읍리,,50830
367-862,충북,괴산군,칠성면 도정리,,50831
367-863,충북,괴산군,칠성면 두천리,,50832
367-862,충북,괴산군,칠성면 비도리,,50833
367-863,충북,괴산군,칠성면 사은리,,50834
367-862,충북,괴산군,칠성면 사평리,,50835
367-863,충북,괴산군,칠성면 송동리,,50836
367-861,충북,괴산군,칠성면 쌍곡리,,50837
367-863,충북,괴산군,칠성면 외사리,,50838
367-861,충북,괴산군,칠성면 율원리,,50839
367-861,충북,괴산군,칠성면 율지리,,50840
367-862,충북,괴산군,칠성면 태성리,,50841
367-860,충북,괴산군,칠성면,,50842
395-800,충북,단양군,단양읍 단양우체국,,50843
395-801,충북,단양군,단양읍 고수리,,50844
395-801,충북,단양군,단양읍 금곡리,,50845
395-801,충북,단양군,단양읍 기촌리,,50846
395-802,충북,단양군,단양읍 노동리,,50847
395-803,충북,단양군,단양읍 덕상리,,50848
395-802,충북,단양군,단양읍 도담리,,50849
395-804,충북,단양군,단양읍 도전리,,50850
395-802,충북,단양군,단양읍 마조리,,50851
395-805,충북,단양군,단양읍 별곡리,,50852
395-806,충북,단양군,단양읍 상진리,,50853
395-801,충북,단양군,단양읍 수촌리,,50854
395-803,충북,단양군,단양읍 심곡리,,50855
395-802,충북,단양군,단양읍 장현리,,50856
395-806,충북,단양군,단양읍 증도리,,50857
395-801,충북,단양군,단양읍 천동리,,50858
395-803,충북,단양군,단양읍 현천리,,50859
395-803,충북,단양군,단양읍 후곡리,,50860
395-800,충북,단양군,단양읍,,50861
395-901,충북,단양군,매포읍 가평리,,50862
395-901,충북,단양군,매포읍 고양리,,50863
395-901,충북,단양군,매포읍 김산리,,50864
395-902,충북,단양군,매포읍 도곡리,,50865
395-903,충북,단양군,매포읍 매포리,,50866
395-901,충북,단양군,매포읍 삼곡리,,50867
395-902,충북,단양군,매포읍 상괴리,,50868
395-902,충북,단양군,매포읍 상시리,,50869
395-903,충북,단양군,매포읍 안동리,,50870
395-903,충북,단양군,매포읍 어의곡리,,50871
395-902,충북,단양군,매포읍 영천리,,50872
395-903,충북,단양군,매포읍 우덕리,,50873
395-904,충북,단양군,매포읍 평동1리,,50874
395-905,충북,단양군,매포읍 평동2리,,50875
395-904,충북,단양군,매포읍 평동3리,,50876
395-905,충북,단양군,매포읍 평동4리,,50877
395-905,충북,단양군,매포읍 평동5리,,50878
395-905,충북,단양군,매포읍 평동6리,,50879
395-904,충북,단양군,매포읍 평동7리,,50880
395-904,충북,단양군,매포읍 평동8리,,50881
395-904,충북,단양군,매포읍 평동리,,50882
395-903,충북,단양군,매포읍 하괴리,,50883
395-902,충북,단양군,매포읍 하시리,,50884
395-900,충북,단양군,매포읍,,50885
395-821,충북,단양군,가곡면 가대리,,50886
395-822,충북,단양군,가곡면 대대리,,50887
395-821,충북,단양군,가곡면 덕천리,,50888
395-823,충북,단양군,가곡면 보발리,,50889
395-821,충북,단양군,가곡면 사평리,,50890
395-822,충북,단양군,가곡면 어의곡리,,50891
395-821,충북,단양군,가곡면 여천리,,50892
395-823,충북,단양군,가곡면 향산리,,50893
395-820,충북,단양군,가곡면,,50894
395-861,충북,단양군,단성면 가산리,,50895
395-862,충북,단양군,단성면 고평리,,50896
395-861,충북,단양군,단성면 대잠리,,50897
395-862,충북,단양군,단성면 두항리,,50898
395-861,충북,단양군,단성면 벌천리,,50899
395-863,충북,단양군,단성면 북상리,,50900
395-863,충북,단양군,단성면 북하리,,50901
395-862,충북,단양군,단성면 상방리,,50902
395-862,충북,단양군,단성면 양당리,,50903
395-862,충북,단양군,단성면 외중방리,,50904
395-862,충북,단양군,단성면 장회리,,50905
395-861,충북,단양군,단성면 중방리,,50906
395-862,충북,단양군,단성면 하방리,,50907
395-861,충북,단양군,단성면 회산리,,50908
395-860,충북,단양군,단성면,,50909
395-811,충북,단양군,대강면 괴평리,,50910
395-812,충북,단양군,대강면 남조리,,50911
395-812,충북,단양군,대강면 남천리,,50912
395-811,충북,단양군,대강면 당동리,,50913
395-812,충북,단양군,대강면 덕촌리,,50914
395-813,충북,단양군,대강면 두음리,,50915
395-812,충북,단양군,대강면 무수천리,,50916
395-812,충북,단양군,대강면 미노리,,50917
395-813,충북,단양군,대강면 방곡리,,50918
395-812,충북,단양군,대강면 사동리,,50919
395-811,충북,단양군,대강면 사인암리,,50920
395-813,충북,단양군,대강면 성금리,,50921
395-812,충북,단양군,대강면 신구리,,50922
395-812,충북,단양군,대강면 올산리,,50923
395-811,충북,단양군,대강면 용부원리,,50924
395-813,충북,단양군,대강면 장림리,,50925
395-812,충북,단양군,대강면 장정리,,50926
395-811,충북,단양군,대강면 직티리,,50927
395-813,충북,단양군,대강면 황정리,,50928
395-810,충북,단양군,대강면,,50929
395-841,충북,단양군,어상천면 대전리,,50930
395-842,충북,단양군,어상천면 덕문곡리,,50931
395-842,충북,단양군,어상천면 방북리,,50932
395-841,충북,단양군,어상천면 석교리,,50933
395-843,충북,단양군,어상천면 심곡리,,50934
395-842,충북,단양군,어상천면 연곡리,,50935
395-843,충북,단양군,어상천면 율곡리,,50936
395-843,충북,단양군,어상천면 임현1리,,50937
395-843,충북,단양군,어상천면 임현2리,,50938
395-841,충북,단양군,어상천면 임현3리,,50939
395-843,충북,단양군,어상천면 임현리,,50940
395-840,충북,단양군,어상천면,,50941
395-831,충북,단양군,영춘면 남천리,,50942
395-832,충북,단양군,영춘면 동대리,,50943
395-833,충북,단양군,영춘면 만종리,,50944
395-831,충북,단양군,영춘면 백자리,,50945
395-834,충북,단양군,영춘면 별방리,,50946
395-834,충북,단양군,영춘면 사이곡리,,50947
395-835,충북,단양군,영춘면 사지원리,,50948
395-836,충북,단양군,영춘면 상리,,50949
395-836,충북,단양군,영춘면 오사리,,50950
395-832,충북,단양군,영춘면 용진리,,50951
395-834,충북,단양군,영춘면 유암리,,50952
395-837,충북,단양군,영춘면 의풍리,,50953
395-833,충북,단양군,영춘면 장발리,,50954
395-832,충북,단양군,영춘면 하리,,50955
395-830,충북,단양군,영춘면,,50956
395-851,충북,단양군,적성면 각기리,,50957
395-851,충북,단양군,적성면 기동리,,50958
395-851,충북,단양군,적성면 대가리,,50959
395-852,충북,단양군,적성면 상리,,50960
395-853,충북,단양군,적성면 상원곡리,,50961
395-852,충북,단양군,적성면 성곡리,,50962
395-851,충북,단양군,적성면 소야리,,50963
395-852,충북,단양군,적성면 애곡리,,50964
395-853,충북,단양군,적성면 파랑리,,50965
395-852,충북,단양군,적성면 하리,,50966
395-853,충북,단양군,적성면 하원곡리,,50967
395-852,충북,단양군,적성면 하진리,,50968
395-852,충북,단양군,적성면 현곡리,,50969
395-850,충북,단양군,적성면,,50970
376-701,충북,보은군,보은읍 보은군청,,50971
376-800,충북,보은군,보은읍 보은우체국,,50972
376-801,충북,보은군,보은읍 강산리,,50973
376-802,충북,보은군,보은읍 강신리,,50974
376-803,충북,보은군,보은읍 교사리,,50975
376-804,충북,보은군,보은읍 금굴리,,50976
376-802,충북,보은군,보은읍 길상리,,50977
376-805,충북,보은군,보은읍 노티리,,50978
376-802,충북,보은군,보은읍 누청리,,50979
376-802,충북,보은군,보은읍 대야리,,50980
376-805,충북,보은군,보은읍 봉평리,,50981
376-806,충북,보은군,보은읍 산성리,,50982
376-807,충북,보은군,보은읍 삼산1리,,50983
376-807,충북,보은군,보은읍 삼산2리,,50984
376-801,충북,보은군,보은읍 삼산3리,,50985
376-801,충북,보은군,보은읍 삼산4리,,50986
376-807,충북,보은군,보은읍 삼산5리,,50987
376-801,충북,보은군,보은읍 삼산6리,,50988
376-807,충북,보은군,보은읍 삼산리,,50989
376-802,충북,보은군,보은읍 성족리,,50990
376-802,충북,보은군,보은읍 성주리,,50991
376-804,충북,보은군,보은읍 수정리,,50992
376-806,충북,보은군,보은읍 신함리,,50993
376-806,충북,보은군,보은읍 어암리,,50994
376-805,충북,보은군,보은읍 용암리,,50995
376-804,충북,보은군,보은읍 월송리,,50996
376-806,충북,보은군,보은읍 이평리,,50997
376-805,충북,보은군,보은읍 장속리,,50998
376-805,충북,보은군,보은읍 장신리,,50999
376-802,충북,보은군,보은읍 종곡리,,51000
376-804,충북,보은군,보은읍 죽전리,,51001
376-806,충북,보은군,보은읍 중동리,,51002
376-805,충북,보은군,보은읍 중초리,,51003
376-804,충북,보은군,보은읍 지산리,,51004
376-802,충북,보은군,보은읍 풍취리,,51005
376-806,충북,보은군,보은읍 학림리,,51006
376-800,충북,보은군,보은읍,,51007
376-811,충북,보은군,내북면 대안리,,51008
376-812,충북,보은군,내북면 도원리,,51009
376-812,충북,보은군,내북면 동산리,,51010
376-811,충북,보은군,내북면 두평리,,51011
376-812,충북,보은군,내북면 법주리,,51012
376-812,충북,보은군,내북면 봉황리,,51013
376-811,충북,보은군,내북면 상궁리,,51014
376-811,충북,보은군,내북면 서지리,,51015
376-812,충북,보은군,내북면 성암리,,51016
376-811,충북,보은군,내북면 성티리,,51017
376-811,충북,보은군,내북면 세촌리,,51018
376-811,충북,보은군,내북면 신궁리,,51019
376-811,충북,보은군,내북면 아곡리,,51020
376-812,충북,보은군,내북면 염둔리,,51021
376-811,충북,보은군,내북면 용수리,,51022
376-811,충북,보은군,내북면 이원리,,51023
376-812,충북,보은군,내북면 적음리,,51024
376-812,충북,보은군,내북면 창리,,51025
376-811,충북,보은군,내북면 하궁리,,51026
376-812,충북,보은군,내북면 화전리,,51027
376-810,충북,보은군,내북면,,51028
376-851,충북,보은군,마로면 갈전리,,51029
376-852,충북,보은군,마로면 갈평리,,51030
376-853,충북,보은군,마로면 관기리,,51031
376-853,충북,보은군,마로면 기대리,,51032
376-851,충북,보은군,마로면 변둔리,,51033
376-851,충북,보은군,마로면 세중리,,51034
376-853,충북,보은군,마로면 소여리,,51035
376-852,충북,보은군,마로면 송현리,,51036
376-852,충북,보은군,마로면 수문리,,51037
376-851,충북,보은군,마로면 오천리,,51038
376-851,충북,보은군,마로면 원정리,,51039
376-852,충북,보은군,마로면 임곡리,,51040
376-852,충북,보은군,마로면 적암리,,51041
376-851,충북,보은군,마로면 한중리,,51042
376-850,충북,보은군,마로면,,51043
376-871,충북,보은군,산외면 가고리,,51044
376-872,충북,보은군,산외면 구티리,,51045
376-871,충북,보은군,산외면 길탕리,,51046
376-873,충북,보은군,산외면 대원리,,51047
376-872,충북,보은군,산외면 동화리,,51048
376-873,충북,보은군,산외면 문암리,,51049
376-873,충북,보은군,산외면 백석리,,51050
376-872,충북,보은군,산외면 봉계리,,51051
376-871,충북,보은군,산외면 산대리,,51052
376-873,충북,보은군,산외면 신정리,,51053
376-872,충북,보은군,산외면 아시리,,51054
376-871,충북,보은군,산외면 어온리,,51055
376-872,충북,보은군,산외면 오대리,,51056
376-872,충북,보은군,산외면 원평리,,51057
376-871,충북,보은군,산외면 이식리,,51058
376-873,충북,보은군,산외면 장갑리,,51059
376-871,충북,보은군,산외면 중티리,,51060
376-872,충북,보은군,산외면 탁주리,,51061
376-870,충북,보은군,산외면,,51062
376-821,충북,보은군,삼승면 내망리,,51063
376-822,충북,보은군,삼승면 달산리,,51064
376-823,충북,보은군,삼승면 둔덕리,,51065
376-822,충북,보은군,삼승면 상가리,,51066
376-823,충북,보은군,삼승면 서원리,,51067
376-823,충북,보은군,삼승면 선곡리,,51068
376-823,충북,보은군,삼승면 송죽리,,51069
376-823,충북,보은군,삼승면 우진리,,51070
376-821,충북,보은군,삼승면 원남리,,51071
376-822,충북,보은군,삼승면 천남리,,51072
376-822,충북,보은군,삼승면 탄금리,,51073
376-820,충북,보은군,삼승면,,51074
376-861,충북,보은군,속리산면 갈목리,,51075
376-861,충북,보은군,속리산면 구병리,,51076
376-861,충북,보은군,속리산면 도화리,,51077
376-861,충북,보은군,속리산면 만수리,,51078
376-862,충북,보은군,속리산면 백현리,,51079
376-862,충북,보은군,속리산면 북암리,,51080
376-863,충북,보은군,속리산면 사내리,,51081
376-861,충북,보은군,속리산면 삼가리,,51082
376-862,충북,보은군,속리산면 상판리,,51083
376-862,충북,보은군,속리산면 중판리,,51084
376-862,충북,보은군,속리산면 하판리,,51085
376-860,충북,보은군,속리산면,,51086
376-881,충북,보은군,수한면 거현리,,51087
376-881,충북,보은군,수한면 광촌리,,51088
376-882,충북,보은군,수한면 교암리,,51089
376-882,충북,보은군,수한면 노성리,,51090
376-882,충북,보은군,수한면 동정리,,51091
376-881,충북,보은군,수한면 묘서리,,51092
376-881,충북,보은군,수한면 발산리,,51093
376-882,충북,보은군,수한면 병원리,,51094
376-882,충북,보은군,수한면 산척리,,51095
376-881,충북,보은군,수한면 성리,,51096
376-881,충북,보은군,수한면 소계리,,51097
376-882,충북,보은군,수한면 오정리,,51098
376-882,충북,보은군,수한면 율산리,,51099
376-882,충북,보은군,수한면 장선리,,51100
376-882,충북,보은군,수한면 질신리,,51101
376-882,충북,보은군,수한면 차정리,,51102
376-881,충북,보은군,수한면 후평리,,51103
376-880,충북,보은군,수한면,,51104
376-842,충북,보은군,장안면 개안리,,51105
376-841,충북,보은군,장안면 구인리,,51106
376-842,충북,보은군,장안면 봉비리,,51107
376-842,충북,보은군,장안면 불목리,,51108
376-841,충북,보은군,장안면 서원리,,51109
376-841,충북,보은군,장안면 오창리,,51110
376-842,충북,보은군,장안면 장내리,,51111
376-841,충북,보은군,장안면 장재리,,51112
376-842,충북,보은군,장안면 황곡리,,51113
376-840,충북,보은군,장안면,,51114
376-831,충북,보은군,탄부면 고승리,,51115
376-832,충북,보은군,탄부면 구암리,,51116
376-832,충북,보은군,탄부면 대양리,,51117
376-831,충북,보은군,탄부면 덕동리,,51118
376-832,충북,보은군,탄부면 매화리,,51119
376-831,충북,보은군,탄부면 벽지리,,51120
376-831,충북,보은군,탄부면 사직리,,51121
376-832,충북,보은군,탄부면 상장리,,51122
376-831,충북,보은군,탄부면 성지리,,51123
376-832,충북,보은군,탄부면 임한리,,51124
376-831,충북,보은군,탄부면 장암리,,51125
376-832,충북,보은군,탄부면 평각리,,51126
376-832,충북,보은군,탄부면 하장리,,51127
376-830,충북,보은군,탄부면,,51128
376-911,충북,보은군,회남면 거교리,,51129
376-912,충북,보은군,회남면 금곡리,,51130
376-911,충북,보은군,회남면 남대문리,,51131
376-911,충북,보은군,회남면 법수리,,51132
376-912,충북,보은군,회남면 분저리,,51133
376-911,충북,보은군,회남면 사음리,,51134
376-911,충북,보은군,회남면 산수리,,51135
376-911,충북,보은군,회남면 신곡리,,51136
376-912,충북,보은군,회남면 신추리,,51137
376-911,충북,보은군,회남면 용호리,,51138
376-912,충북,보은군,회남면 은운리,,51139
376-912,충북,보은군,회남면 조곡리,,51140
376-912,충북,보은군,회남면 판장리,,51141
376-910,충북,보은군,회남면,,51142
376-891,충북,보은군,회인면 갈티리,,51143
376-891,충북,보은군,회인면 건천리,,51144
376-892,충북,보은군,회인면 고석리,,51145
376-893,충북,보은군,회인면 눌곡리,,51146
376-891,충북,보은군,회인면 부수리,,51147
376-891,충북,보은군,회인면 송평리,,51148
376-893,충북,보은군,회인면 신대리,,51149
376-892,충북,보은군,회인면 신문리,,51150
376-892,충북,보은군,회인면 쌍암리,,51151
376-891,충북,보은군,회인면 애곡리,,51152
376-892,충북,보은군,회인면 오동리,,51153
376-893,충북,보은군,회인면 용곡리,,51154
376-892,충북,보은군,회인면 용촌리,,51155
376-893,충북,보은군,회인면 죽암리,,51156
376-893,충북,보은군,회인면 중앙리,,51157
376-890,충북,보은군,회인면,,51158
370-801,충북,영동군,영동읍 가리,,51159
370-802,충북,영동군,영동읍 계산리,1∼179,51160
370-803,충북,영동군,영동읍 계산리,180∼199,51161
370-802,충북,영동군,영동읍 계산리,200∼209,51162
370-803,충북,영동군,영동읍 계산리,210∼399,51163
370-808,충북,영동군,영동읍 계산리,400∼630,51164
370-802,충북,영동군,영동읍 계산리,631∼675,51165
370-809,충북,영동군,영동읍 계산리,676∼698,51166
370-808,충북,영동군,영동읍 계산리,700∼900,51167
370-803,충북,영동군,영동읍 구교리,,51168
370-802,충북,영동군,영동읍 금리,,51169
370-804,충북,영동군,영동읍 당곡리,,51170
370-803,충북,영동군,영동읍 동정리,,51171
370-805,충북,영동군,영동읍 매천리,,51172
370-806,충북,영동군,영동읍 봉현리,,51173
370-807,충북,영동군,영동읍 부용리,,51174
370-806,충북,영동군,영동읍 비탄리,,51175
370-806,충북,영동군,영동읍 산이리,,51176
370-804,충북,영동군,영동읍 산익리,,51177
370-701,충북,영동군,영동읍 설계리 영동대학교,,51178
370-806,충북,영동군,영동읍 설계리,,51179
370-806,충북,영동군,영동읍 심원리,,51180
370-805,충북,영동군,영동읍 양가리,,51181
370-702,충북,영동군,영동읍 영동군청,,51182
370-800,충북,영동군,영동읍 영동우체국,,51183
370-808,충북,영동군,영동읍 영산리,,51184
370-806,충북,영동군,영동읍 예전리,,51185
370-801,충북,영동군,영동읍 오정리,,51186
370-801,충북,영동군,영동읍 임계리,,51187
370-801,충북,영동군,영동읍 주곡리,,51188
370-809,충북,영동군,영동읍 중앙리,,51189
370-804,충북,영동군,영동읍 화신리,,51190
370-804,충북,영동군,영동읍 회동리,,51191
370-800,충북,영동군,영동읍,,51192
370-871,충북,영동군,매곡면 강진리,,51193
370-871,충북,영동군,매곡면 공수리,,51194
370-872,충북,영동군,매곡면 노천리,,51195
370-872,충북,영동군,매곡면 수원리,,51196
370-871,충북,영동군,매곡면 어촌리,,51197
370-872,충북,영동군,매곡면 옥전리,,51198
370-871,충북,영동군,매곡면 유전리,,51199
370-872,충북,영동군,매곡면 장척리,,51200
370-870,충북,영동군,매곡면,,51201
370-881,충북,영동군,상촌면 고자리,,51202
370-882,충북,영동군,상촌면 관기리,,51203
370-882,충북,영동군,상촌면 궁촌리,,51204
370-883,충북,영동군,상촌면 대해리,,51205
370-881,충북,영동군,상촌면 돈대리,,51206
370-881,충북,영동군,상촌면 둔전리,,51207
370-883,충북,영동군,상촌면 물한리,,51208
370-881,충북,영동군,상촌면 상도대리,,51209
370-883,충북,영동군,상촌면 석현리,,51210
370-883,충북,영동군,상촌면 유곡리,,51211
370-882,충북,영동군,상촌면 임산리,,51212
370-881,충북,영동군,상촌면 하도대리,,51213
370-882,충북,영동군,상촌면 흥덕리,,51214
370-880,충북,영동군,상촌면,,51215
370-851,충북,영동군,심천면 각계리,,51216
370-852,충북,영동군,심천면 고당리,,51217
370-851,충북,영동군,심천면 구탄리,,51218
370-853,충북,영동군,심천면 금정리,,51219
370-852,충북,영동군,심천면 기호리,,51220
370-854,충북,영동군,심천면 길현리,,51221
370-854,충북,영동군,심천면 단전리,,51222
370-852,충북,영동군,심천면 마곡리,,51223
370-853,충북,영동군,심천면 명천리,,51224
370-854,충북,영동군,심천면 심천리,,51225
370-853,충북,영동군,심천면 약목리,,51226
370-854,충북,영동군,심천면 용당리,,51227
370-851,충북,영동군,심천면 장동리,,51228
370-851,충북,영동군,심천면 초강리,,51229
370-850,충북,영동군,심천면,,51230
370-811,충북,영동군,양강면 가동리,,51231
370-811,충북,영동군,양강면 괴목리,,51232
370-811,충북,영동군,양강면 교동리,,51233
370-812,충북,영동군,양강면 구강리,,51234
370-813,충북,영동군,양강면 남전리,,51235
370-812,충북,영동군,양강면 두평리,,51236
370-813,충북,영동군,양강면 만계리,,51237
370-811,충북,영동군,양강면 묘동리,,51238
370-812,충북,영동군,양강면 묵정리,,51239
370-813,충북,영동군,양강면 산막리,,51240
370-811,충북,영동군,양강면 신기리,,51241
370-811,충북,영동군,양강면 양정리,,51242
370-813,충북,영동군,양강면 유점리,,51243
370-811,충북,영동군,양강면 죽촌리,,51244
370-813,충북,영동군,양강면 지촌리,,51245
370-812,충북,영동군,양강면 청남리,,51246
370-810,충북,영동군,양강면,,51247
370-831,충북,영동군,양산면 가곡리,,51248
370-832,충북,영동군,양산면 가선리,,51249
370-832,충북,영동군,양산면 누교리,,51250
370-832,충북,영동군,양산면 명덕리,,51251
370-831,충북,영동군,양산면 봉곡리,,51252
370-832,충북,영동군,양산면 송호리,,51253
370-832,충북,영동군,양산면 수두리,,51254
370-831,충북,영동군,양산면 원당리,,51255
370-831,충북,영동군,양산면 죽산리,,51256
370-832,충북,영동군,양산면 호탄리,,51257
370-830,충북,영동군,양산면,,51258
370-911,충북,영동군,용산면 가곡리,,51259
370-912,충북,영동군,용산면 구촌리,,51260
370-911,충북,영동군,용산면 금곡리,,51261
370-913,충북,영동군,용산면 덕진리,,51262
370-913,충북,영동군,용산면 매금리,,51263
370-913,충북,영동군,용산면 미전리,,51264
370-912,충북,영동군,용산면 백자전리,,51265
370-913,충북,영동군,용산면 법화리,,51266
370-914,충북,영동군,용산면 부릉리,,51267
370-911,충북,영동군,용산면 부상리,,51268
370-912,충북,영동군,용산면 산저리,,51269
370-911,충북,영동군,용산면 상용리,,51270
370-914,충북,영동군,용산면 시금리,,51271
370-912,충북,영동군,용산면 신항리,,51272
370-912,충북,영동군,용산면 용산리,,51273
370-914,충북,영동군,용산면 율리,,51274
370-911,충북,영동군,용산면 천작리,,51275
370-913,충북,영동군,용산면 청화리,,51276
370-914,충북,영동군,용산면 한곡리,,51277
370-911,충북,영동군,용산면 한석리,,51278
370-910,충북,영동군,용산면,,51279
370-841,충북,영동군,용화면 안정리,,51280
370-842,충북,영동군,용화면 여의리,,51281
370-842,충북,영동군,용화면 용강리,,51282
370-842,충북,영동군,용화면 용화리,,51283
370-841,충북,영동군,용화면 월전리,,51284
370-842,충북,영동군,용화면 자계리,,51285
370-841,충북,영동군,용화면 조동리,,51286
370-840,충북,영동군,용화면,,51287
370-891,충북,영동군,추풍령면 계룡리,,51288
370-891,충북,영동군,추풍령면 관리,,51289
370-891,충북,영동군,추풍령면 사부리,,51290
370-892,충북,영동군,추풍령면 신안리,,51291
370-892,충북,영동군,추풍령면 웅북리,,51292
370-893,충북,영동군,추풍령면 작점리,,51293
370-893,충북,영동군,추풍령면 죽전리,,51294
370-892,충북,영동군,추풍령면 지봉리,,51295
370-893,충북,영동군,추풍령면 추풍령리,,51296
370-892,충북,영동군,추풍령면 학리,,51297
370-891,충북,영동군,추풍령면 후리,,51298
370-890,충북,영동군,추풍령면,,51299
370-821,충북,영동군,학산면 도덕리,,51300
370-822,충북,영동군,학산면 박계리,,51301
370-821,충북,영동군,학산면 범화리,,51302
370-821,충북,영동군,학산면 봉림리,,51303
370-823,충북,영동군,학산면 봉소리,,51304
370-821,충북,영동군,학산면 서산리,,51305
370-823,충북,영동군,학산면 아암리,,51306
370-822,충북,영동군,학산면 지내리,,51307
370-823,충북,영동군,학산면 학산리,,51308
370-822,충북,영동군,학산면 황산리,,51309
370-820,충북,영동군,학산면,,51310
370-861,충북,영동군,황간면 광평리,,51311
370-861,충북,영동군,황간면 구교리,,51312
370-862,충북,영동군,황간면 금계리,,51313
370-863,충북,영동군,황간면 난곡리,,51314
370-863,충북,영동군,황간면 남성리,,51315
370-864,충북,영동군,황간면 노근리,,51316
370-864,충북,영동군,황간면 마산리,,51317
370-861,충북,영동군,황간면 서송원리,,51318
370-861,충북,영동군,황간면 소계리,,51319
370-864,충북,영동군,황간면 신촌리,,51320
370-862,충북,영동군,황간면 신흥리,,51321
370-861,충북,영동군,황간면 안화리,,51322
370-862,충북,영동군,황간면 용암리,,51323
370-863,충북,영동군,황간면 우매리,,51324
370-864,충북,영동군,황간면 우천리,,51325
370-862,충북,영동군,황간면 원촌리,,51326
370-862,충북,영동군,황간면 통천리,,51327
370-862,충북,영동군,황간면 회포리,,51328
370-860,충북,영동군,황간면,,51329
373-800,충북,옥천군,옥천읍 옥천우체국,,51330
373-801,충북,옥천군,옥천읍 가풍리,,51331
373-802,충북,옥천군,옥천읍 가화리,,51332
373-803,충북,옥천군,옥천읍 각신리,,51333
373-804,충북,옥천군,옥천읍 교동리,,51334
373-805,충북,옥천군,옥천읍 구일리,,51335
373-805,충북,옥천군,옥천읍 귀죽리,,51336
373-805,충북,옥천군,옥천읍 귀현리,,51337
373-805,충북,옥천군,옥천읍 귀화리,,51338
373-806,충북,옥천군,옥천읍 금구1리,,51339
373-806,충북,옥천군,옥천읍 금구2리,,51340
373-807,충북,옥천군,옥천읍 금구3리,,51341
373-807,충북,옥천군,옥천읍 금구4리,,51342
373-806,충북,옥천군,옥천읍 금구리,,51343
373-801,충북,옥천군,옥천읍 대천리,,51344
373-804,충북,옥천군,옥천읍 동안리,,51345
373-804,충북,옥천군,옥천읍 동정리,,51346
373-808,충북,옥천군,옥천읍 마암리,,51347
373-808,충북,옥천군,옥천읍 마항리,,51348
373-805,충북,옥천군,옥천읍 매화리,,51349
373-803,충북,옥천군,옥천읍 문정1리,,51350
373-809,충북,옥천군,옥천읍 문정2리,,51351
373-803,충북,옥천군,옥천읍 문정3리,,51352
373-803,충북,옥천군,옥천읍 문정4리,,51353
373-803,충북,옥천군,옥천읍 문정5리,,51354
373-803,충북,옥천군,옥천읍 문정리,,51355
373-809,충북,옥천군,옥천읍 삼양리,,51356
373-801,충북,옥천군,옥천읍 삼청리,,51357
373-804,충북,옥천군,옥천읍 상계리,,51358
373-801,충북,옥천군,옥천읍 상삼리,,51359
373-805,충북,옥천군,옥천읍 상야리,,51360
373-805,충북,옥천군,옥천읍 서대리,,51361
373-803,충북,옥천군,옥천읍 서정리,,51362
373-808,충북,옥천군,옥천읍 성암리,,51363
373-801,충북,옥천군,옥천읍 소정리,,51364
373-804,충북,옥천군,옥천읍 수북리,,51365
373-807,충북,옥천군,옥천읍 신기1리,,51366
373-806,충북,옥천군,옥천읍 신기2리,,51367
373-807,충북,옥천군,옥천읍 신기리,,51368
373-802,충북,옥천군,옥천읍 양수리,,51369
373-804,충북,옥천군,옥천읍 오대리,,51370
373-803,충북,옥천군,옥천읍 옥각리,,51371
373-801,충북,옥천군,옥천읍 원각리,,51372
373-801,충북,옥천군,옥천읍 응천리,,51373
373-805,충북,옥천군,옥천읍 장야리,,51374
373-804,충북,옥천군,옥천읍 죽향리,,51375
373-801,충북,옥천군,옥천읍 중삼리,,51376
373-804,충북,옥천군,옥천읍 하계리,,51377
373-801,충북,옥천군,옥천읍 하삼리,,51378
373-804,충북,옥천군,옥천읍 화계리,,51379
373-800,충북,옥천군,옥천읍,,51380
373-851,충북,옥천군,군북면 감노리,,51381
373-852,충북,옥천군,군북면 국원리,,51382
373-851,충북,옥천군,군북면 대정리,,51383
373-852,충북,옥천군,군북면 막지리,,51384
373-852,충북,옥천군,군북면 보오리,,51385
373-851,충북,옥천군,군북면 비야리,,51386
373-852,충북,옥천군,군북면 석호리,,51387
373-852,충북,옥천군,군북면 소정리,,51388
373-851,충북,옥천군,군북면 와정리,,51389
373-852,충북,옥천군,군북면 용호리,,51390
373-853,충북,옥천군,군북면 이백리,,51391
373-852,충북,옥천군,군북면 이평리,,51392
373-853,충북,옥천군,군북면 자모리,,51393
373-851,충북,옥천군,군북면 증약리,,51394
373-852,충북,옥천군,군북면 지오리,,51395
373-853,충북,옥천군,군북면 추소리,,51396
373-851,충북,옥천군,군북면 항곡리,,51397
373-853,충북,옥천군,군북면 환평리,,51398
373-850,충북,옥천군,군북면,,51399
373-841,충북,옥천군,군서면 금산리,,51400
373-841,충북,옥천군,군서면 동평리,,51401
373-842,충북,옥천군,군서면 사양리,,51402
373-842,충북,옥천군,군서면 사정리,,51403
373-841,충북,옥천군,군서면 상중리,,51404
373-842,충북,옥천군,군서면 상지리,,51405
373-843,충북,옥천군,군서면 오동리,,51406
373-843,충북,옥천군,군서면 월전리,,51407
373-842,충북,옥천군,군서면 은행리,,51408
373-843,충북,옥천군,군서면 하동리,,51409
373-840,충북,옥천군,군서면,,51410
373-831,충북,옥천군,동이면 금암1리,,51411
373-832,충북,옥천군,동이면 금암2리,,51412
373-831,충북,옥천군,동이면 금암3리,,51413
373-831,충북,옥천군,동이면 금암리,,51414
373-831,충북,옥천군,동이면 남곡리,,51415
373-831,충북,옥천군,동이면 석탄리,,51416
373-833,충북,옥천군,동이면 세산리,,51417
373-832,충북,옥천군,동이면 우산리,,51418
373-832,충북,옥천군,동이면 적하리,,51419
373-832,충북,옥천군,동이면 조령리,,51420
373-831,충북,옥천군,동이면 지양리,,51421
373-832,충북,옥천군,동이면 청마리,,51422
373-831,충북,옥천군,동이면 평산리,,51423
373-830,충북,옥천군,동이면,,51424
373-821,충북,옥천군,안남면 도농리,,51425
373-822,충북,옥천군,안남면 도덕리,,51426
373-822,충북,옥천군,안남면 연주리,,51427
373-822,충북,옥천군,안남면 종미리,,51428
373-822,충북,옥천군,안남면 지수리,,51429
373-821,충북,옥천군,안남면 청정리,,51430
373-821,충북,옥천군,안남면 화학리,,51431
373-820,충북,옥천군,안남면,,51432
373-811,충북,옥천군,안내면 답양리,,51433
373-811,충북,옥천군,안내면 도율리,,51434
373-812,충북,옥천군,안내면 도이리,,51435
373-812,충북,옥천군,안내면 동대리,,51436
373-812,충북,옥천군,안내면 방하목리,,51437
373-812,충북,옥천군,안내면 북대리,,51438
373-812,충북,옥천군,안내면 서대리,,51439
373-811,충북,옥천군,안내면 신촌리,,51440
373-813,충북,옥천군,안내면 오덕리,,51441
373-811,충북,옥천군,안내면 용촌리,,51442
373-811,충북,옥천군,안내면 월외리,,51443
373-813,충북,옥천군,안내면 인포리,,51444
373-813,충북,옥천군,안내면 장계리,,51445
373-812,충북,옥천군,안내면 정방리,,51446
373-813,충북,옥천군,안내면 현리,,51447
373-810,충북,옥천군,안내면,,51448
373-861,충북,옥천군,이원면 강청리,,51449
373-862,충북,옥천군,이원면 개심리,,51450
373-861,충북,옥천군,이원면 건진리,,51451
373-863,충북,옥천군,이원면 구룡리,,51452
373-861,충북,옥천군,이원면 구미리,,51453
373-862,충북,옥천군,이원면 대동리,,51454
373-864,충북,옥천군,이원면 대흥리,,51455
373-864,충북,옥천군,이원면 두암리,,51456
373-861,충북,옥천군,이원면 미동리,,51457
373-863,충북,옥천군,이원면 백지리,,51458
373-861,충북,옥천군,이원면 소정리,,51459
373-862,충북,옥천군,이원면 수묵리,,51460
373-864,충북,옥천군,이원면 신흥리,,51461
373-863,충북,옥천군,이원면 용방리,,51462
373-863,충북,옥천군,이원면 원동리,,51463
373-861,충북,옥천군,이원면 윤정리,,51464
373-862,충북,옥천군,이원면 의평리,,51465
373-864,충북,옥천군,이원면 이원리,,51466
373-861,충북,옥천군,이원면 장찬리,,51467
373-862,충북,옥천군,이원면 장화리,,51468
373-862,충북,옥천군,이원면 지정리,,51469
373-863,충북,옥천군,이원면 지탄리,,51470
373-863,충북,옥천군,이원면 칠방리,,51471
373-862,충북,옥천군,이원면 평계리,,51472
373-863,충북,옥천군,이원면 포동리,,51473
373-864,충북,옥천군,이원면 현남리,,51474
373-864,충북,옥천군,이원면 현리,,51475
373-860,충북,옥천군,이원면,,51476
373-871,충북,옥천군,청산면 교평리,,51477
373-872,충북,옥천군,청산면 대덕리,,51478
373-873,충북,옥천군,청산면 대성리,,51479
373-872,충북,옥천군,청산면 덕곡리,,51480
373-871,충북,옥천군,청산면 덕지리,,51481
373-873,충북,옥천군,청산면 만월리,,51482
373-873,충북,옥천군,청산면 명티리,,51483
373-874,충북,옥천군,청산면 백운리,,51484
373-873,충북,옥천군,청산면 법화리,,51485
373-873,충북,옥천군,청산면 삼방리,,51486
373-872,충북,옥천군,청산면 신매리,,51487
373-873,충북,옥천군,청산면 예곡리,,51488
373-871,충북,옥천군,청산면 의동리,,51489
373-871,충북,옥천군,청산면 의지리,,51490
373-872,충북,옥천군,청산면 인정리,,51491
373-872,충북,옥천군,청산면 장위리,,51492
373-874,충북,옥천군,청산면 지전리,,51493
373-871,충북,옥천군,청산면 판수리,,51494
373-872,충북,옥천군,청산면 하서리,,51495
373-872,충북,옥천군,청산면 한곡리,,51496
373-871,충북,옥천군,청산면 효림리,,51497
373-871,충북,옥천군,청산면 효목리,,51498
373-870,충북,옥천군,청산면,,51499
373-881,충북,옥천군,청성면 거포리,,51500
373-882,충북,옥천군,청성면 고당리,,51501
373-881,충북,옥천군,청성면 구음리,,51502
373-882,충북,옥천군,청성면 궁촌리,,51503
373-883,충북,옥천군,청성면 능월리,,51504
373-883,충북,옥천군,청성면 대안리,,51505
373-883,충북,옥천군,청성면 도장리,,51506
373-882,충북,옥천군,청성면 묘금리,,51507
373-881,충북,옥천군,청성면 산계리,,51508
373-882,충북,옥천군,청성면 삼남리,,51509
373-881,충북,옥천군,청성면 소서리,,51510
373-882,충북,옥천군,청성면 양저리,,51511
373-881,충북,옥천군,청성면 장수리,,51512
373-883,충북,옥천군,청성면 장연리,,51513
373-882,충북,옥천군,청성면 조천리,,51514
373-882,충북,옥천군,청성면 합금리,,51515
373-883,충북,옥천군,청성면 화동리,,51516
373-881,충북,옥천군,청성면 화성리,,51517
373-880,충북,옥천군,청성면,,51518
369-753,충북,음성군,금왕읍 두진백로아파트,,51519
369-752,충북,음성군,금왕읍 주공아파트,,51520
369-901,충북,음성군,금왕읍 각회리,,51521
369-902,충북,음성군,금왕읍 구계리,,51522
369-903,충북,음성군,금왕읍 금석1리,,51523
369-904,충북,음성군,금왕읍 금석2리,,51524
369-903,충북,음성군,금왕읍 금석3리,,51525
369-903,충북,음성군,금왕읍 금석리,,51526
369-902,충북,음성군,금왕읍 내곡리,,51527
369-901,충북,음성군,금왕읍 내송리,,51528
369-901,충북,음성군,금왕읍 도청리,,51529
369-904,충북,음성군,금왕읍 무극1리,,51530
369-904,충북,음성군,금왕읍 무극2리,,51531
369-905,충북,음성군,금왕읍 무극3리,,51532
369-903,충북,음성군,금왕읍 무극4리,,51533
369-905,충북,음성군,금왕읍 무극5리,,51534
369-905,충북,음성군,금왕읍 무극6리,,51535
369-904,충북,음성군,금왕읍 무극리,,51536
369-906,충북,음성군,금왕읍 백야리,,51537
369-901,충북,음성군,금왕읍 본대리,,51538
369-906,충북,음성군,금왕읍 봉곡리,,51539
369-902,충북,음성군,금왕읍 사창리,,51540
369-906,충북,음성군,금왕읍 삼봉리,,51541
369-901,충북,음성군,금왕읍 신평리,,51542
369-902,충북,음성군,금왕읍 쌍봉리,,51543
369-906,충북,음성군,금왕읍 오선리,,51544
369-903,충북,음성군,금왕읍 용계리,,51545
369-906,충북,음성군,금왕읍 유촌리,,51546
369-906,충북,음성군,금왕읍 유포리,,51547
369-902,충북,음성군,금왕읍 육령리,,51548
369-905,충북,음성군,금왕읍 정생리,,51549
369-901,충북,음성군,금왕읍 행제1리,,51550
369-902,충북,음성군,금왕읍 행제2리,,51551
369-901,충북,음성군,금왕읍 행제리,,51552
369-902,충북,음성군,금왕읍 호산리,,51553
369-900,충북,음성군,금왕읍,,51554
369-800,충북,음성군,음성읍 음성우체국,,51555
369-751,충북,음성군,음성읍 한성진주아파트,,51556
369-801,충북,음성군,음성읍 감우리,,51557
369-802,충북,음성군,음성읍 동음리,,51558
369-801,충북,음성군,음성읍 사정리,,51559
369-802,충북,음성군,음성읍 삼생리,,51560
369-803,충북,음성군,음성읍 석인리,,51561
369-801,충북,음성군,음성읍 소여리,,51562
369-801,충북,음성군,음성읍 신천1리,,51563
369-804,충북,음성군,음성읍 신천2리,,51564
369-805,충북,음성군,음성읍 신천3리,,51565
369-806,충북,음성군,음성읍 신천4리,,51566
369-805,충북,음성군,음성읍 신천5리,,51567
369-756,충북,음성군,음성읍 신천리 금광포란재아파트,(101∼108동),51568
369-757,충북,음성군,음성읍 신천리 음성주공휴먼시아아파트,(101∼106동),51569
369-801,충북,음성군,음성읍 신천리,,51570
369-804,충북,음성군,음성읍 용산리,,51571
369-807,충북,음성군,음성읍 읍내1리,,51572
369-807,충북,음성군,음성읍 읍내2리,,51573
369-805,충북,음성군,음성읍 읍내3리,,51574
369-806,충북,음성군,음성읍 읍내4리,,51575
369-806,충북,음성군,음성읍 읍내5리,,51576
369-806,충북,음성군,음성읍 읍내6리,,51577
369-805,충북,음성군,음성읍 읍내7리,,51578
369-701,충북,음성군,음성읍 읍내리 음성군청,,51579
369-807,충북,음성군,음성읍 읍내리,,51580
369-802,충북,음성군,음성읍 초천리,,51581
369-803,충북,음성군,음성읍 평곡1리,,51582
369-803,충북,음성군,음성읍 평곡2리,,51583
369-805,충북,음성군,음성읍 평곡3리,,51584
369-803,충북,음성군,음성읍 평곡4리,,51585
369-805,충북,음성군,음성읍 평곡5리,,51586
369-803,충북,음성군,음성읍 평곡리,,51587
369-803,충북,음성군,음성읍 한벌리,,51588
369-800,충북,음성군,음성읍,,51589
369-703,충북,음성군,감곡면 단평리 강동대학,,51590
369-755,충북,음성군,감곡면 덕일한마음아파트,,51591
369-700,충북,음성군,감곡면 왕장리 극동대학교,,51592
369-851,충북,음성군,감곡면 단평리,,51593
369-852,충북,음성군,감곡면 문촌리,,51594
369-852,충북,음성군,감곡면 사곡리,,51595
369-852,충북,음성군,감곡면 상우리,,51596
369-853,충북,음성군,감곡면 상평리,,51597
369-853,충북,음성군,감곡면 영산리,,51598
369-852,충북,음성군,감곡면 오궁리,,51599
369-854,충북,음성군,감곡면 오향리,,51600
369-851,충북,음성군,감곡면 왕장리,,51601
369-853,충북,음성군,감곡면 원당리,,51602
369-853,충북,음성군,감곡면 월정리,,51603
369-854,충북,음성군,감곡면 주천리,,51604
369-850,충북,음성군,감곡면,,51605
369-758,충북,음성군,대소면 대풍리 음성대소산수화아파트,(101∼106동),51606
369-702,충북,음성군,대소면 대풍지방산업단지,,51607
369-754,충북,음성군,대소면 한양아파트,,51608
369-821,충북,음성군,대소면 내산리,,51609
369-821,충북,음성군,대소면 대풍리,,51610
369-822,충북,음성군,대소면 미곡리,,51611
369-823,충북,음성군,대소면 부윤리,,51612
369-822,충북,음성군,대소면 삼정리,,51613
369-821,충북,음성군,대소면 삼호리,,51614
369-823,충북,음성군,대소면 성본리,,51615
369-823,충북,음성군,대소면 소석1리,,51616
369-822,충북,음성군,대소면 소석2리,,51617
369-823,충북,음성군,대소면 소석리,,51618
369-823,충북,음성군,대소면 수태리,,51619
369-824,충북,음성군,대소면 오류1리,,51620
369-824,충북,음성군,대소면 오류2리,,51621
369-821,충북,음성군,대소면 오류3리,,51622
369-824,충북,음성군,대소면 오류4리,,51623
369-824,충북,음성군,대소면 오류리,,51624
369-824,충북,음성군,대소면 오산리,,51625
369-824,충북,음성군,대소면 태생1리,,51626
369-822,충북,음성군,대소면 태생2리,,51627
369-824,충북,음성군,대소면 태생3리,,51628
369-824,충북,음성군,대소면 태생4리,,51629
369-822,충북,음성군,대소면 태생5리,,51630
369-822,충북,음성군,대소면 태생6리,,51631
369-824,충북,음성군,대소면 태생리,,51632
369-820,충북,음성군,대소면,,51633
369-711,충북,음성군,맹동면 인곡리 음성꽃동네,,51634
369-811,충북,음성군,맹동면 군자리,,51635
369-811,충북,음성군,맹동면 두성리,,51636
369-812,충북,음성군,맹동면 마산리,,51637
369-811,충북,음성군,맹동면 본성리,,51638
369-812,충북,음성군,맹동면 봉현리,,51639
369-812,충북,음성군,맹동면 신돈리,,51640
369-811,충북,음성군,맹동면 쌍정리,,51641
369-812,충북,음성군,맹동면 용촌리,,51642
369-812,충북,음성군,맹동면 인곡리,,51643
369-811,충북,음성군,맹동면 통동리,,51644
369-810,충북,음성군,맹동면,,51645
369-831,충북,음성군,삼성면 능산리,,51646
369-832,충북,음성군,삼성면 대사리,,51647
369-831,충북,음성군,삼성면 대야리,,51648
369-831,충북,음성군,삼성면 대정리,,51649
369-833,충북,음성군,삼성면 덕정1리,,51650
369-833,충북,음성군,삼성면 덕정2리,,51651
369-832,충북,음성군,삼성면 덕정3리,,51652
369-833,충북,음성군,삼성면 덕정4리,,51653
369-833,충북,음성군,삼성면 덕정5리,,51654
369-833,충북,음성군,삼성면 덕정6리,,51655
369-832,충북,음성군,삼성면 덕정7리,,51656
369-833,충북,음성군,삼성면 덕정리,,51657
369-834,충북,음성군,삼성면 상곡리,,51658
369-832,충북,음성군,삼성면 선정리,,51659
369-831,충북,음성군,삼성면 양덕1리,,51660
369-832,충북,음성군,삼성면 양덕2리,,51661
369-832,충북,음성군,삼성면 양덕3리,,51662
369-831,충북,음성군,삼성면 양덕리,,51663
369-831,충북,음성군,삼성면 용대리,,51664
369-834,충북,음성군,삼성면 용성리,,51665
369-832,충북,음성군,삼성면 천평리,,51666
369-834,충북,음성군,삼성면 청용리,,51667
369-830,충북,음성군,삼성면,,51668
369-841,충북,음성군,생극면 관성리,,51669
369-841,충북,음성군,생극면 도신리,,51670
369-842,충북,음성군,생극면 방축리,,51671
369-841,충북,음성군,생극면 병암리,,51672
369-843,충북,음성군,생극면 생리,,51673
369-842,충북,음성군,생극면 송곡리,,51674
369-841,충북,음성군,생극면 신양1리,,51675
369-842,충북,음성군,생극면 신양2리,,51676
369-843,충북,음성군,생극면 신양3리,,51677
369-842,충북,음성군,생극면 신양4리,,51678
369-841,충북,음성군,생극면 신양리,,51679
369-843,충북,음성군,생극면 오생리,,51680
369-842,충북,음성군,생극면 임곡리,,51681
369-843,충북,음성군,생극면 차곡리,,51682
369-843,충북,음성군,생극면 차평리,,51683
369-842,충북,음성군,생극면 팔성1리,,51684
369-842,충북,음성군,생극면 팔성2리,,51685
369-841,충북,음성군,생극면 팔성3리,,51686
369-842,충북,음성군,생극면 팔성리,,51687
369-840,충북,음성군,생극면,,51688
369-871,충북,음성군,소이면 갑산리,,51689
369-872,충북,음성군,소이면 금고리,,51690
369-872,충북,음성군,소이면 대장1리,,51691
369-873,충북,음성군,소이면 대장2리,,51692
369-872,충북,음성군,소이면 대장리,,51693
369-873,충북,음성군,소이면 문등리,,51694
369-871,충북,음성군,소이면 봉전리,,51695
369-873,충북,음성군,소이면 비산리,,51696
369-871,충북,음성군,소이면 중동리,,51697
369-872,충북,음성군,소이면 충도리,,51698
369-873,충북,음성군,소이면 후미1리,,51699
369-873,충북,음성군,소이면 후미2리,,51700
369-873,충북,음성군,소이면 후미3리,,51701
369-872,충북,음성군,소이면 후미4리,,51702
369-873,충북,음성군,소이면 후미리,,51703
369-870,충북,음성군,소이면,,51704
369-861,충북,음성군,원남면 구안리,,51705
369-862,충북,음성군,원남면 덕정리,,51706
369-862,충북,음성군,원남면 마송1리,,51707
369-863,충북,음성군,원남면 마송2리,,51708
369-863,충북,음성군,원남면 마송3리,,51709
369-862,충북,음성군,원남면 마송리,,51710
369-863,충북,음성군,원남면 문암리,,51711
369-862,충북,음성군,원남면 보룡리,,51712
369-862,충북,음성군,원남면 보천리,,51713
369-862,충북,음성군,원남면 삼용리,,51714
369-861,충북,음성군,원남면 상노리,,51715
369-863,충북,음성군,원남면 상당1리,,51716
369-861,충북,음성군,원남면 상당2리,,51717
369-863,충북,음성군,원남면 상당리,,51718
369-862,충북,음성군,원남면 조촌리,,51719
369-863,충북,음성군,원남면 주봉리,,51720
369-861,충북,음성군,원남면 하노리,,51721
369-861,충북,음성군,원남면 하당리,,51722
369-860,충북,음성군,원남면,,51723
368-702,충북,증평군,증평읍 삼일아파트,,51724
368-701,충북,증평군,증평읍 용강리 한국교통대학교증평캠퍼스,,51725
368-901,충북,증평군,증평읍 교동리,,51726
368-902,충북,증평군,증평읍 남차리,,51727
368-903,충북,증평군,증평읍 남하리,,51728
368-904,충북,증평군,증평읍 내성리,,51729
368-905,충북,증평군,증평읍 대동리,,51730
368-902,충북,증평군,증평읍 덕상리,,51731
368-906,충북,증평군,증평읍 미암리,,51732
368-903,충북,증평군,증평읍 사곡리,,51733
368-906,충북,증평군,증평읍 송산리,,51734
368-907,충북,증평군,증평읍 신동리,,51735
368-909,충북,증평군,증평읍 연탄리 사서함,82,51736
368-906,충북,증평군,증평읍 연탄리,,51737
368-903,충북,증평군,증평읍 용강리,,51738
368-902,충북,증평군,증평읍 율리,,51739
368-703,충북,증평군,증평읍 장동리 주공아파트,(401∼407동),51740
368-901,충북,증평군,증평읍 장동리,,51741
368-902,충북,증평군,증평읍 죽리,,51742
368-905,충북,증평군,증평읍 중동리,,51743
368-904,충북,증평군,증평읍 증천리,,51744
368-902,충북,증평군,증평읍 증평리,,51745
368-908,충북,증평군,증평읍 창동리,,51746
368-910,충북,증평군,증평읍 초중리,,51747
368-900,충북,증평군,증평읍,,51748
368-811,충북,증평군,도안면 광덕리,,51749
368-811,충북,증평군,도안면 노암리,,51750
368-812,충북,증평군,도안면 도당리,,51751
368-812,충북,증평군,도안면 석곡리,,51752
368-811,충북,증평군,도안면 송정리,,51753
368-811,충북,증평군,도안면 연촌리,,51754
368-812,충북,증평군,도안면 화성리,,51755
368-810,충북,증평군,도안면,,51756
365-700,충북,진천군,진천읍 교성주공아파트,,51757
365-800,충북,진천군,진천읍 진천우체국,,51758
365-801,충북,진천군,진천읍 가산리,,51759
365-802,충북,진천군,진천읍 건송리,,51760
365-803,충북,진천군,진천읍 교성리,,51761
365-804,충북,진천군,진천읍 금암리,,51762
365-805,충북,진천군,진천읍 문봉리,,51763
365-806,충북,진천군,진천읍 벽암리,,51764
365-805,충북,진천군,진천읍 사석리,,51765
365-801,충북,진천군,진천읍 산척리,,51766
365-801,충북,진천군,진천읍 삼덕리,,51767
365-804,충북,진천군,진천읍 상계리,,51768
365-801,충북,진천군,진천읍 상신리,,51769
365-806,충북,진천군,진천읍 성석리,,51770
365-802,충북,진천군,진천읍 송두리,,51771
365-805,충북,진천군,진천읍 신정리,,51772
365-804,충북,진천군,진천읍 연곡리,,51773
365-805,충북,진천군,진천읍 원덕리,,51774
365-701,충북,진천군,진천읍 읍내리 진천군청,,51775
365-807,충북,진천군,진천읍 읍내1리,,51776
365-808,충북,진천군,진천읍 읍내2리,,51777
365-808,충북,진천군,진천읍 읍내3리,,51778
365-806,충북,진천군,진천읍 읍내4리,,51779
365-808,충북,진천군,진천읍 읍내5리,,51780
365-807,충북,진천군,진천읍 읍내6리,,51781
365-807,충북,진천군,진천읍 읍내7리,,51782
365-807,충북,진천군,진천읍 읍내리,,51783
365-802,충북,진천군,진천읍 장관리,,51784
365-804,충북,진천군,진천읍 지암리,,51785
365-802,충북,진천군,진천읍 행정리,,51786
365-800,충북,진천군,진천읍,,51787
365-831,충북,진천군,광혜원면 광혜원리,1∼235,51788
365-832,충북,진천군,광혜원면 광혜원리,236∼418,51789
365-833,충북,진천군,광혜원면 광혜원리,419∼650,51790
365-831,충북,진천군,광혜원면 광혜원리,651∼1078,51791
365-831,충북,진천군,광혜원면 광혜원리,,51792
365-831,충북,진천군,광혜원면 구암리,,51793
365-834,충북,진천군,광혜원면 금곡리,,51794
365-831,충북,진천군,광혜원면 실원리,,51795
365-832,충북,진천군,광혜원면 월성리,,51796
365-834,충북,진천군,광혜원면 죽현리,,51797
365-834,충북,진천군,광혜원면 회죽리,,51798
365-830,충북,진천군,광혜원면,,51799
365-841,충북,진천군,덕산면 구산리,,51800
365-841,충북,진천군,덕산면 기전리,,51801
365-841,충북,진천군,덕산면 두촌리,,51802
365-842,충북,진천군,덕산면 산수리,,51803
365-841,충북,진천군,덕산면 석장리,,51804
365-842,충북,진천군,덕산면 신척리,,51805
365-841,충북,진천군,덕산면 옥동리,,51806
365-843,충북,진천군,덕산면 용몽리,,51807
365-842,충북,진천군,덕산면 인산리,,51808
365-843,충북,진천군,덕산면 한천리,,51809
365-843,충북,진천군,덕산면 합목리,,51810
365-842,충북,진천군,덕산면 화상리,,51811
365-840,충북,진천군,덕산면,,51812
365-861,충북,진천군,문백면 계산리,,51813
365-862,충북,진천군,문백면 구곡리,,51814
365-861,충북,진천군,문백면 도하리,,51815
365-862,충북,진천군,문백면 문덕리,,51816
365-861,충북,진천군,문백면 봉죽리,,51817
365-862,충북,진천군,문백면 사양리,,51818
365-863,충북,진천군,문백면 옥성리,,51819
365-863,충북,진천군,문백면 은탄리,,51820
365-862,충북,진천군,문백면 장월리,,51821
365-863,충북,진천군,문백면 태락리,,51822
365-862,충북,진천군,문백면 평산리,,51823
365-860,충북,진천군,문백면,,51824
365-811,충북,진천군,백곡면 갈월리,,51825
365-811,충북,진천군,백곡면 구수리,,51826
365-811,충북,진천군,백곡면 대문리,,51827
365-812,충북,진천군,백곡면 명암리,,51828
365-812,충북,진천군,백곡면 사송리,,51829
365-812,충북,진천군,백곡면 석현리,,51830
365-811,충북,진천군,백곡면 성대리,,51831
365-812,충북,진천군,백곡면 양백리,,51832
365-812,충북,진천군,백곡면 용덕리,,51833
365-810,충북,진천군,백곡면,,51834
365-821,충북,진천군,이월면 내촌리,,51835
365-822,충북,진천군,이월면 노원리,,51836
365-823,충북,진천군,이월면 동성리,,51837
365-824,충북,진천군,이월면 미잠리,,51838
365-823,충북,진천군,이월면 사곡리,,51839
365-824,충북,진천군,이월면 사당리,,51840
365-823,충북,진천군,이월면 삼용리,,51841
365-821,충북,진천군,이월면 송림리,,51842
365-822,충북,진천군,이월면 신계리,,51843
365-824,충북,진천군,이월면 신월리,,51844
365-824,충북,진천군,이월면 장양리,,51845
365-822,충북,진천군,이월면 중산리,,51846
365-820,충북,진천군,이월면,,51847
365-851,충북,진천군,초평면 금곡리,,51848
365-851,충북,진천군,초평면 신통리,,51849
365-852,충북,진천군,초평면 연담리,,51850
365-851,충북,진천군,초평면 영구리,,51851
365-853,충북,진천군,초평면 오갑리,,51852
365-852,충북,진천군,초평면 용기리,,51853
365-852,충북,진천군,초평면 용산리,,51854
365-853,충북,진천군,초평면 용정리,,51855
365-852,충북,진천군,초평면 은암리,,51856
365-853,충북,진천군,초평면 중석리,,51857
365-852,충북,진천군,초평면 진암리,,51858
365-851,충북,진천군,초평면 화산리,,51859
365-850,충북,진천군,초평면,,51860
363-794,충북,청원군,내수읍 덕암리 충북보건과학대학교,,51861
363-793,충북,청원군,내수읍 청주국제공항,,51862
363-931,충북,청원군,내수읍 구성리,,51863
363-931,충북,청원군,내수읍 국동리,,51864
363-932,충북,청원군,내수읍 내수리,,51865
363-797,충북,청원군,내수읍 내수리 삼일아파트,(101∼109동),51866
363-933,충북,청원군,내수읍 덕암리,,51867
363-933,충북,청원군,내수읍 도원리,,51868
363-934,충북,청원군,내수읍 마산리,,51869
363-931,충북,청원군,내수읍 묵방리,,51870
363-935,충북,청원군,내수읍 비상리,,51871
363-935,충북,청원군,내수읍 비중리,,51872
363-933,충북,청원군,내수읍 세교리,,51873
363-932,충북,청원군,내수읍 신안리,,51874
363-935,충북,청원군,내수읍 우산리,,51875
363-931,충북,청원군,내수읍 원통리,,51876
363-939,충북,청원군,내수읍 원통리 사서함,308,51877
363-931,충북,청원군,내수읍 은곡리,,51878
363-795,충북,청원군,내수읍 은곡리 덕일한마음아파트,(101∼106동),51879
363-796,충북,청원군,내수읍 은곡리 천일아파트,(201∼206동),51880
363-932,충북,청원군,내수읍 입동리,,51881
363-932,충북,청원군,내수읍 입상리,,51882
363-935,충북,청원군,내수읍 저곡리,,51883
363-935,충북,청원군,내수읍 초정리,,51884
363-933,충북,청원군,내수읍 풍정리,,51885
363-934,충북,청원군,내수읍 학평리,,51886
363-933,충북,청원군,내수읍 형동리,,51887
363-930,충북,청원군,내수읍,,51888
363-951,충북,청원군,오송읍 공북리,,51889
363-952,충북,청원군,오송읍 궁평리,,51890
363-953,충북,청원군,오송읍 동평리,,51891
363-705,충북,청원군,오송읍 만수리 오송휴먼시아1단지아파트,(101∼112동),51892
363-701,충북,청원군,오송읍 만수리 오송마을휴먼시아2단지,(201∼208동),51893
363-954,충북,청원군,오송읍 만수리,,51894
363-953,충북,청원군,오송읍 봉산리,,51895
363-955,충북,청원군,오송읍 상봉리,,51896
363-951,충북,청원군,오송읍 상정리,,51897
363-953,충북,청원군,오송읍 서평리,,51898
363-952,충북,청원군,오송읍 쌍청리,,51899
363-700,충북,청원군,오송읍 연제리 국립보건연구원,,51900
363-703,충북,청원군,오송읍 연제리 모아미래도아파트,(501∼504동),51901
363-700,충북,청원군,오송읍 연제리 식품의약품안전청,,51902
363-700,충북,청원군,오송읍 연제리 식품의약품안전평가원,,51903
363-704,충북,청원군,오송읍 연제리 오송상록롯데캐슬아파트,(301∼307동),51904
363-702,충북,청원군,오송읍 연제리 오송호반베르디움아파트,(601∼607동),51905
363-706,충북,청원군,오송읍 연제리 오송힐데스하임아파트,(801∼808동),51906
363-700,충북,청원군,오송읍 연제리 질병관리본부,,51907
363-700,충북,청원군,오송읍 연제리 한국보건복지인력개발원,,51908
363-700,충북,청원군,오송읍 연제리 한국보건산업진흥원,,51909
363-951,충북,청원군,오송읍 연제리,,51910
363-954,충북,청원군,오송읍 오송리,,51911
363-955,충북,청원군,오송읍 정중리,,51912
363-951,충북,청원군,오송읍 호계리,,51913
363-950,충북,청원군,오송읍,,51914
363-886,충북,청원군,오창읍 가곡리,,51915
363-888,충북,청원군,오창읍 가좌리,,51916
363-786,충북,청원군,오창읍 각리 대우이안아파트,(701∼712동),51917
363-788,충북,청원군,오창읍 각리 대원칸타빌아파트,(501∼505동),51918
363-787,충북,청원군,오창읍 각리 쌍용스윗닷홈아파트,(901∼908동),51919
363-782,충북,청원군,오창읍 각리 우림필유1차아파트,(101∼116동),51920
363-783,충북,청원군,오창읍 각리 우림필유2차아파트,(601∼617동),51921
363-785,충북,청원군,오창읍 각리 중앙하이츠아파트,(201∼214동),51922
363-784,충북,청원군,오창읍 각리 코아루아파트,(301∼311동),51923
363-781,충북,청원군,오창읍 각리 한라비발디아파트,(801∼825동),51924
363-885,충북,청원군,오창읍 각리,,51925
363-882,충북,청원군,오창읍 괴정리,,51926
363-884,충북,청원군,오창읍 구룡리,,51927
363-886,충북,청원군,오창읍 기암리,,51928
363-886,충북,청원군,오창읍 농소리,,51929
363-882,충북,청원군,오창읍 도암리,,51930
363-888,충북,청원군,오창읍 두릉리,,51931
363-887,충북,청원군,오창읍 모정리,,51932
363-888,충북,청원군,오창읍 백현리,,51933
363-881,충북,청원군,오창읍 복현리,,51934
363-886,충북,청원군,오창읍 상평리,,51935
363-886,충북,청원군,오창읍 석우리,,51936
363-881,충북,청원군,오창읍 성산리,,51937
363-888,충북,청원군,오창읍 성재리,,51938
363-886,충북,청원군,오창읍 송대리,,51939
363-886,충북,청원군,오창읍 신평리,,51940
363-881,충북,청원군,오창읍 양지리,,51941
363-883,충북,청원군,오창읍 양청리,,51942
363-887,충북,청원군,오창읍 여천리,,51943
363-888,충북,청원군,오창읍 용두리,,51944
363-881,충북,청원군,오창읍 원리,,51945
363-887,충북,청원군,오창읍 유리,,51946
363-887,충북,청원군,오창읍 일신리,,51947
363-882,충북,청원군,오창읍 장대리,,51948
363-889,충북,청원군,오창읍 주성리,,51949
363-886,충북,청원군,오창읍 중신리,,51950
363-882,충북,청원군,오창읍 창리,,51951
363-886,충북,청원군,오창읍 탑리,,51952
363-887,충북,청원군,오창읍 학소리,,51953
363-888,충북,청원군,오창읍 화산리,1∼105,51954
363-887,충북,청원군,오창읍 화산리,106∼424,51955
363-881,충북,청원군,오창읍 후기리,,51956
363-880,충북,청원군,오창읍,,51957
363-851,충북,청원군,가덕면 계산리,,51958
363-852,충북,청원군,가덕면 국전리,,51959
363-853,충북,청원군,가덕면 금거리,,51960
363-853,충북,청원군,가덕면 내암리,,51961
363-852,충북,청원군,가덕면 노동리,,51962
363-853,충북,청원군,가덕면 병암리,,51963
363-852,충북,청원군,가덕면 삼항리,,51964
363-852,충북,청원군,가덕면 상대리,,51965
363-853,충북,청원군,가덕면 상야리,,51966
363-851,충북,청원군,가덕면 수곡리,,51967
363-851,충북,청원군,가덕면 시동리,,51968
363-851,충북,청원군,가덕면 인차리,,51969
363-851,충북,청원군,가덕면 청용리,,51970
363-853,충북,청원군,가덕면 한계리,,51971
363-852,충북,청원군,가덕면 행정리,,51972
363-850,충북,청원군,가덕면,,51973
363-792,충북,청원군,강내면 월곡리 충청대학,,51974
363-791,충북,청원군,강내면 한국교원대학교,,51975
363-891,충북,청원군,강내면 궁현리,,51976
363-892,충북,청원군,강내면 다락리,,51977
363-891,충북,청원군,강내면 당곡리,,51978
363-893,충북,청원군,강내면 사곡리,,51979
363-894,충북,청원군,강내면 사인리,,51980
363-891,충북,청원군,강내면 산단리,,51981
363-894,충북,청원군,강내면 석화리,,51982
363-891,충북,청원군,강내면 연정리,,51983
363-892,충북,청원군,강내면 월곡리,,51984
363-893,충북,청원군,강내면 월탄리,,51985
363-891,충북,청원군,강내면 저산리,,51986
363-894,충북,청원군,강내면 탑연리,,51987
363-893,충북,청원군,강내면 태성리,,51988
363-894,충북,청원군,강내면 학천리,,51989
363-893,충북,청원군,강내면 황탄리,,51990
363-890,충북,청원군,강내면,,51991
363-811,충북,청원군,남이면 가마리,,51992
363-811,충북,청원군,남이면 가좌리,,51993
363-812,충북,청원군,남이면 갈원리,,51994
363-812,충북,청원군,남이면 구미리,,51995
363-812,충북,청원군,남이면 구암리,,51996
363-811,충북,청원군,남이면 대련리,,51997
363-813,충북,청원군,남이면 문동리,,51998
363-812,충북,청원군,남이면 비룡리,,51999
363-812,충북,청원군,남이면 사동리,,52000
363-812,충북,청원군,남이면 산막리,,52001
363-812,충북,청원군,남이면 상발리,,52002
363-811,충북,청원군,남이면 석실리,,52003
363-811,충북,청원군,남이면 석판리,,52004
363-811,충북,청원군,남이면 수대리,,52005
363-811,충북,청원군,남이면 양촌리,,52006
363-813,충북,청원군,남이면 외천리,,52007
363-813,충북,청원군,남이면 척북리,,52008
363-813,충북,청원군,남이면 척산리,,52009
363-812,충북,청원군,남이면 팔봉리,,52010
363-810,충북,청원군,남이면,,52011
363-789,충북,청원군,남일면 효촌리 도로교통공단충청북도지부,,52012
363-841,충북,청원군,남일면 가산리,,52013
363-841,충북,청원군,남일면 가중리,,52014
363-842,충북,청원군,남일면 고은리,,52015
363-843,충북,청원군,남일면 두산리,,52016
363-843,충북,청원군,남일면 문주리,,52017
363-844,충북,청원군,남일면 송암리,,52018
363-841,충북,청원군,남일면 신송리,,52019
363-842,충북,청원군,남일면 쌍수리,,52020
363-849,충북,청원군,남일면 쌍수리 사서함,335,52021
363-843,충북,청원군,남일면 은행리,,52022
363-841,충북,청원군,남일면 화당리,,52023
363-843,충북,청원군,남일면 황청리,,52024
363-844,충북,청원군,남일면 효촌리,,52025
363-840,충북,청원군,남일면,,52026
363-861,충북,청원군,낭성면 갈산리,,52027
363-862,충북,청원군,낭성면 관정리,,52028
363-862,충북,청원군,낭성면 귀래리,,52029
363-861,충북,청원군,낭성면 무성리,,52030
363-862,충북,청원군,낭성면 문박리,,52031
363-861,충북,청원군,낭성면 삼산리,,52032
363-861,충북,청원군,낭성면 이목리,,52033
363-862,충북,청원군,낭성면 인경리,,52034
363-861,충북,청원군,낭성면 지산리,,52035
363-862,충북,청원군,낭성면 추정리,,52036
363-861,충북,청원군,낭성면 현암리,,52037
363-862,충북,청원군,낭성면 호정리,,52038
363-860,충북,청원군,낭성면,,52039
363-831,충북,청원군,문의면 괴곡리,,52040
363-832,충북,청원군,문의면 구룡리,,52041
363-831,충북,청원군,문의면 남계리,,52042
363-831,충북,청원군,문의면 노현리,,52043
363-833,충북,청원군,문의면 덕유리,,52044
363-833,충북,청원군,문의면 도원리,,52045
363-833,충북,청원군,문의면 두모리,,52046
363-833,충북,청원군,문의면 등동리,,52047
363-831,충북,청원군,문의면 마구리,,52048
363-834,충북,청원군,문의면 마동리,,52049
363-834,충북,청원군,문의면 묘암리,,52050
363-834,충북,청원군,문의면 문덕리,,52051
363-832,충북,청원군,문의면 문산리,,52052
363-832,충북,청원군,문의면 미천리,,52053
363-834,충북,청원군,문의면 산덕리,,52054
363-831,충북,청원군,문의면 상장리,,52055
363-834,충북,청원군,문의면 소전리,,52056
363-831,충북,청원군,문의면 신대리,,52057
363-834,충북,청원군,문의면 염티리,,52058
363-833,충북,청원군,문의면 품곡리,,52059
363-834,충북,청원군,문의면 후곡리,,52060
363-830,충북,청원군,문의면,,52061
363-871,충북,청원군,미원면 가양리,,52062
363-872,충북,청원군,미원면 계원리,,52063
363-873,충북,청원군,미원면 구방리,,52064
363-872,충북,청원군,미원면 금관리,,52065
363-874,충북,청원군,미원면 기암리,,52066
363-874,충북,청원군,미원면 내산리,,52067
363-873,충북,청원군,미원면 대덕리,,52068
363-871,충북,청원군,미원면 대신리,,52069
363-874,충북,청원군,미원면 미원리,,52070
363-874,충북,청원군,미원면 성대리,,52071
363-874,충북,청원군,미원면 수산리,,52072
363-873,충북,청원군,미원면 쌍이리,,52073
363-872,충북,청원군,미원면 어암리,,52074
363-872,충북,청원군,미원면 옥화리,,52075
363-871,충북,청원군,미원면 용곡리,,52076
363-873,충북,청원군,미원면 운교리,,52077
363-872,충북,청원군,미원면 운암리,,52078
363-873,충북,청원군,미원면 운용리,,52079
363-872,충북,청원군,미원면 월용리,,52080
363-871,충북,청원군,미원면 종암리,,52081
363-873,충북,청원군,미원면 중리,,52082
363-871,충북,청원군,미원면 화원리,,52083
363-871,충북,청원군,미원면 화창리,,52084
363-870,충북,청원군,미원면,,52085
363-814,충북,청원군,남이면 부용외천리,,52086
363-921,충북,청원군,북이면 광암리,,52087
363-922,충북,청원군,북이면 금대리,,52088
363-922,충북,청원군,북이면 금암리,,52089
363-923,충북,청원군,북이면 내둔리,,52090
363-922,충북,청원군,북이면 내추리,,52091
363-921,충북,청원군,북이면 대길리,,52092
363-923,충북,청원군,북이면 대율리,,52093
363-921,충북,청원군,북이면 부연리,,52094
363-921,충북,청원군,북이면 서당리,,52095
363-923,충북,청원군,북이면 석성리,,52096
363-921,충북,청원군,북이면 석화리,,52097
363-921,충북,청원군,북이면 선암리,,52098
363-922,충북,청원군,북이면 송정리,,52099
363-921,충북,청원군,북이면 신기리,,52100
363-923,충북,청원군,북이면 신대리,,52101
363-921,충북,청원군,북이면 영하리,,52102
363-922,충북,청원군,북이면 옥수리,,52103
363-923,충북,청원군,북이면 용계리,,52104
363-922,충북,청원군,북이면 장양리,,52105
363-922,충북,청원군,북이면 장재리,,52106
363-922,충북,청원군,북이면 추학리,,52107
363-921,충북,청원군,북이면 토성리,,52108
363-922,충북,청원군,북이면 현암리,,52109
363-921,충북,청원군,북이면 호명리,,52110
363-923,충북,청원군,북이면 화상리,,52111
363-923,충북,청원군,북이면 화하리,,52112
363-920,충북,청원군,북이면,,52113
363-911,충북,청원군,옥산면 가락리,,52114
363-911,충북,청원군,옥산면 국사리,,52115
363-912,충북,청원군,옥산면 금계리,,52116
363-911,충북,청원군,옥산면 남촌리,,52117
363-913,충북,청원군,옥산면 덕촌리,,52118
363-912,충북,청원군,옥산면 동림리,,52119
363-912,충북,청원군,옥산면 사정리,,52120
363-911,충북,청원군,옥산면 소로리,,52121
363-912,충북,청원군,옥산면 수락리,,52122
363-913,충북,청원군,옥산면 신촌리,,52123
363-914,충북,청원군,옥산면 오산리,,52124
363-912,충북,청원군,옥산면 장남리,,52125
363-913,충북,청원군,옥산면 장동리,,52126
363-912,충북,청원군,옥산면 호죽리,,52127
363-913,충북,청원군,옥산면 환희리,,52128
363-910,충북,청원군,옥산면,,52129
363-821,충북,청원군,현도면 노산리,,52130
363-822,충북,청원군,현도면 달계리,,52131
363-822,충북,청원군,현도면 매봉리,,52132
363-823,충북,청원군,현도면 상삼리,,52133
363-821,충북,청원군,현도면 선동리,,52134
363-822,충북,청원군,현도면 시동리,,52135
363-822,충북,청원군,현도면 시목리,,52136
363-821,충북,청원군,현도면 양지리,,52137
363-823,충북,청원군,현도면 우록리,,52138
363-823,충북,청원군,현도면 죽암리,,52139
363-823,충북,청원군,현도면 죽전리,,52140
363-823,충북,청원군,현도면 중삼리,,52141
363-822,충북,청원군,현도면 중척리,,52142
363-821,충북,청원군,현도면 하석리,,52143
363-820,충북,청원군,현도면,,52144
