321-701,충남,계룡시,금암동 계룡시청,,46703
321-761,충남,계룡시,금암동 신성미소지움1차아파트,(101∼113동),46704
321-762,충남,계룡시,금암동 신성미소지움2차아파트,(201∼211동),46705
321-763,충남,계룡시,금암동 우림루미아트아파트,(101∼114동),46706
321-900,충남,계룡시,금암동,,46707
321-912,충남,계룡시,두마면 농소리,,46708
321-914,충남,계룡시,두마면 두계리,,46709
321-764,충남,계룡시,두마면 두계리 계룡대림e-편한세상아파트,(101∼115동),46710
321-765,충남,계룡시,두마면 두계리 계룡더샵아파트,(101∼118동),46711
321-916,충남,계룡시,두마면 왕대리,,46712
321-003,충남,계룡시,두마면 왕대리 대전우편집중국,,46713
321-916,충남,계룡시,두마면 입암리,,46714
321-910,충남,계룡시,두마면,,46715
321-754,충남,계룡시,신도안면 남선리 계룡대아파트,(101∼146동),46716
321-759,충남,계룡시,신도안면 남선리 계룡대아파트,(201∼219동),46717
321-924,충남,계룡시,신도안면 남선리,,46718
321-929,충남,계룡시,신도안면 부남리 사서함,501,46719
321-923,충남,계룡시,신도안면 부남리,,46720
321-925,충남,계룡시,신도안면 석계리,,46721
321-926,충남,계룡시,신도안면 용동리,,46722
321-926,충남,계룡시,신도안면 정장리,,46723
321-920,충남,계룡시,신도안면,,46724
321-932,충남,계룡시,엄사면 광석리,,46725
321-934,충남,계룡시,엄사면 도곡리,,46726
321-931,충남,계룡시,엄사면 엄사리,,46727
321-760,충남,계룡시,엄사면 엄사리 두산신성아파트,(101∼106동),46728
321-756,충남,계룡시,엄사면 엄사리 비사벌아파트,,46729
321-757,충남,계룡시,엄사면 엄사리 삼진아파트,,46730
321-758,충남,계룡시,엄사면 엄사리 성원아파트,,46731
321-933,충남,계룡시,엄사면 유동리,,46732
321-755,충남,계룡시,엄사면 유동리 대동아파트,,46733
321-935,충남,계룡시,엄사면 향한리,,46734
321-930,충남,계룡시,엄사면,,46735
314-240,충남,공주시,검상동,,46736
314-090,충남,공주시,교동,,46737
314-010,충남,공주시,금성동,,46738
314-080,충남,공주시,금학동,,46739
314-715,충남,공주시,금흥동 공주교도소,,46740
314-755,충남,공주시,금흥동 새뜸현대4차아파트,(401∼406동),46741
314-140,충남,공주시,금흥동,,46742
314-270,충남,공주시,동현동,,46743
314-130,충남,공주시,무릉동,,46744
314-100,충남,공주시,반죽동 공주우체국,,46745
314-717,충남,공주시,반죽동 국민연금공단공주지사,,46746
314-800,충남,공주시,반죽동,1∼105,46747
314-801,충남,공주시,반죽동,106∼500,46748
314-100,충남,공주시,반죽동,,46749
314-170,충남,공주시,봉정동,,46750
314-711,충남,공주시,봉황동 공주교육대학교,,46751
314-702,충남,공주시,봉황동 공주시청,,46752
314-060,충남,공주시,봉황동,,46753
314-030,충남,공주시,산성동,,46754
314-230,충남,공주시,상왕동,,46755
314-250,충남,공주시,석장리동,,46756
314-220,충남,공주시,소학동,,46757
314-260,충남,공주시,송선동,,46758
314-701,충남,공주시,신관동 공주대학교,,46759
314-757,충남,공주시,신관동 대동다숲아파트,(101∼201동),46760
314-756,충남,공주시,신관동 대아곰나루아파트,(101∼104동),46761
314-756,충남,공주시,신관동 대아아이투빌아파트,(105∼113동),46762
314-751,충남,공주시,신관동 새뜸현대3차아파트,(301∼308동),46763
314-752,충남,공주시,신관동 주공3단지아파트,(301∼315동),46764
314-753,충남,공주시,신관동 주공4단지아파트,(401∼411동),46765
314-758,충남,공주시,신관동 주공5단지아파트,(501∼505동),46766
314-759,충남,공주시,신관동 현대힐스테이트아파트,(501∼508동),46767
314-802,충남,공주시,신관동,1∼199,46768
314-803,충남,공주시,신관동,200∼549,46769
314-802,충남,공주시,신관동,550∼800,46770
314-803,충남,공주시,신관동,산1∼50,46771
314-110,충남,공주시,신관동,,46772
314-210,충남,공주시,신기동,,46773
314-150,충남,공주시,쌍신동,,46774
314-200,충남,공주시,오곡동,,46775
314-712,충남,공주시,옥룡동 공주대학교옥룡캠퍼스,,46776
314-754,충남,공주시,옥룡동 주공아파트,,46777
314-804,충남,공주시,옥룡동,1∼296,46778
314-805,충남,공주시,옥룡동,297∼600,46779
314-040,충남,공주시,옥룡동,,46780
314-020,충남,공주시,웅진동,,46781
314-160,충남,공주시,월미동,,46782
314-120,충남,공주시,월송동,,46783
314-180,충남,공주시,주미동,,46784
314-050,충남,공주시,중동,,46785
314-070,충남,공주시,중학동,,46786
314-190,충남,공주시,태봉동,,46787
314-891,충남,공주시,유구읍 구계리,,46788
314-892,충남,공주시,유구읍 노동리,,46789
314-893,충남,공주시,유구읍 녹천리,,46790
314-894,충남,공주시,유구읍 덕곡리,,46791
314-891,충남,공주시,유구읍 동해리,,46792
314-892,충남,공주시,유구읍 만천리,,46793
314-895,충남,공주시,유구읍 명곡리,,46794
314-894,충남,공주시,유구읍 문금리,,46795
314-892,충남,공주시,유구읍 백교리,,46796
314-896,충남,공주시,유구읍 석남리,,46797
314-891,충남,공주시,유구읍 세동리,,46798
314-895,충남,공주시,유구읍 신달리,,46799
314-893,충남,공주시,유구읍 신영리,,46800
314-891,충남,공주시,유구읍 연종리,,46801
314-895,충남,공주시,유구읍 유구리,,46802
314-895,충남,공주시,유구읍 입석리,,46803
314-894,충남,공주시,유구읍 추계리,,46804
314-894,충남,공주시,유구읍 탑곡리,,46805
314-890,충남,공주시,유구읍,,46806
314-831,충남,공주시,계룡면 경천리,,46807
314-832,충남,공주시,계룡면 구왕리,,46808
314-833,충남,공주시,계룡면 금대리,,46809
314-834,충남,공주시,계룡면 기산리,,46810
314-832,충남,공주시,계룡면 내흥리,,46811
314-834,충남,공주시,계룡면 봉명리,,46812
314-833,충남,공주시,계룡면 상성리,,46813
314-831,충남,공주시,계룡면 양화리,,46814
314-833,충남,공주시,계룡면 월곡리,,46815
314-835,충남,공주시,계룡면 월암리,,46816
314-833,충남,공주시,계룡면 유평리,,46817
314-833,충남,공주시,계룡면 죽곡리,,46818
314-835,충남,공주시,계룡면 중장리,,46819
314-835,충남,공주시,계룡면 하대리,,46820
314-833,충남,공주시,계룡면 향지리,,46821
314-834,충남,공주시,계룡면 화은리,,46822
314-833,충남,공주시,계룡면 화헌리,,46823
314-830,충남,공주시,계룡면,,46824
314-921,충남,공주시,반포면 공암리,,46825
314-922,충남,공주시,반포면 마암리,,46826
314-716,충남,공주시,반포면 봉곡리 공주치료감호소,,46827
314-923,충남,공주시,반포면 봉곡리,,46828
314-923,충남,공주시,반포면 상신리,,46829
314-921,충남,공주시,반포면 송곡리,,46830
314-924,충남,공주시,반포면 온천리,,46831
314-923,충남,공주시,반포면 하신리,,46832
314-924,충남,공주시,반포면 학봉리,,46833
314-920,충남,공주시,반포면,,46834
314-871,충남,공주시,사곡면 가교리,,46835
314-871,충남,공주시,사곡면 계실리,,46836
314-872,충남,공주시,사곡면 고당리,,46837
314-872,충남,공주시,사곡면 대중리,,46838
314-872,충남,공주시,사곡면 부곡리,,46839
314-873,충남,공주시,사곡면 신영리,,46840
314-872,충남,공주시,사곡면 운암리,,46841
314-871,충남,공주시,사곡면 월가리,,46842
314-871,충남,공주시,사곡면 유룡리,,46843
314-874,충남,공주시,사곡면 해월리,,46844
314-874,충남,공주시,사곡면 호계리,,46845
314-873,충남,공주시,사곡면 화월리,,46846
314-871,충남,공주시,사곡면 회학리,,46847
314-870,충남,공주시,사곡면,,46848
314-881,충남,공주시,신풍면 대룡리,,46849
314-882,충남,공주시,신풍면 동원리,,46850
314-883,충남,공주시,신풍면 백룡리,,46851
314-881,충남,공주시,신풍면 봉갑리,,46852
314-882,충남,공주시,신풍면 산정리,,46853
314-883,충남,공주시,신풍면 선학리,,46854
314-881,충남,공주시,신풍면 쌍대리,,46855
314-883,충남,공주시,신풍면 영정리,,46856
314-881,충남,공주시,신풍면 용수리,,46857
314-881,충남,공주시,신풍면 입동리,,46858
314-882,충남,공주시,신풍면 조평리,,46859
314-881,충남,공주시,신풍면 청흥리,,46860
314-883,충남,공주시,신풍면 평소리,,46861
314-883,충남,공주시,신풍면 화흥리,,46862
314-880,충남,공주시,신풍면,,46863
314-861,충남,공주시,우성면 귀산리,,46864
314-862,충남,공주시,우성면 내산리,,46865
314-863,충남,공주시,우성면 단지리,,46866
314-864,충남,공주시,우성면 대성리,,46867
314-862,충남,공주시,우성면 도천리,,46868
314-861,충남,공주시,우성면 동곡리,,46869
314-863,충남,공주시,우성면 동대리,,46870
314-861,충남,공주시,우성면 목천리,,46871
314-861,충남,공주시,우성면 반촌리,,46872
314-863,충남,공주시,우성면 방문리,,46873
314-863,충남,공주시,우성면 방흥리,,46874
314-864,충남,공주시,우성면 보흥리,,46875
314-865,충남,공주시,우성면 봉현리,,46876
314-862,충남,공주시,우성면 상서리,,46877
314-861,충남,공주시,우성면 신웅리,,46878
314-865,충남,공주시,우성면 안양리,,46879
314-865,충남,공주시,우성면 어천리,,46880
314-865,충남,공주시,우성면 오동리,,46881
314-864,충남,공주시,우성면 옥성리,,46882
314-865,충남,공주시,우성면 용봉리,,46883
314-865,충남,공주시,우성면 죽당리,,46884
314-864,충남,공주시,우성면 평목리,,46885
314-862,충남,공주시,우성면 한천리,,46886
314-860,충남,공주시,우성면,,46887
314-811,충남,공주시,의당면 가산리,,46888
314-811,충남,공주시,의당면 덕학리,,46889
314-811,충남,공주시,의당면 도신리,,46890
314-812,충남,공주시,의당면 두만리,,46891
314-813,충남,공주시,의당면 수촌리,,46892
314-812,충남,공주시,의당면 오인리,,46893
314-812,충남,공주시,의당면 요룡리,,46894
314-812,충남,공주시,의당면 월곡리,,46895
314-814,충남,공주시,의당면 유계리,,46896
314-812,충남,공주시,의당면 율정리,,46897
314-811,충남,공주시,의당면 중흥리,,46898
314-813,충남,공주시,의당면 청룡리,,46899
314-810,충남,공주시,의당면,,46900
314-841,충남,공주시,이인면 구암리,,46901
314-841,충남,공주시,이인면 달산리,,46902
314-842,충남,공주시,이인면 만수리,,46903
314-843,충남,공주시,이인면 목동리,,46904
314-844,충남,공주시,이인면 반송리,,46905
314-843,충남,공주시,이인면 발양리,,46906
314-844,충남,공주시,이인면 복룡리,,46907
314-844,충남,공주시,이인면 산의리,,46908
314-844,충남,공주시,이인면 신영리,,46909
314-843,충남,공주시,이인면 신흥리,,46910
314-842,충남,공주시,이인면 오룡리,,46911
314-844,충남,공주시,이인면 용성리,,46912
314-842,충남,공주시,이인면 운암리,,46913
314-841,충남,공주시,이인면 이곡리,,46914
314-841,충남,공주시,이인면 이인리,,46915
314-843,충남,공주시,이인면 주봉리,,46916
314-843,충남,공주시,이인면 초봉리,,46917
314-840,충남,공주시,이인면,,46918
314-714,충남,공주시,정안면 광정리 한일고등학교,,46919
314-821,충남,공주시,정안면 고성리,,46920
314-822,충남,공주시,정안면 광정리,,46921
314-822,충남,공주시,정안면 내문리,,46922
314-821,충남,공주시,정안면 내촌리,,46923
314-823,충남,공주시,정안면 대산리,,46924
314-822,충남,공주시,정안면 문천리,,46925
314-824,충남,공주시,정안면 보물리,,46926
314-824,충남,공주시,정안면 북계리,,46927
314-821,충남,공주시,정안면 사현리,,46928
314-822,충남,공주시,정안면 산성리,,46929
314-825,충남,공주시,정안면 상룡리,,46930
314-825,충남,공주시,정안면 석송리,,46931
314-821,충남,공주시,정안면 쌍달리,,46932
314-821,충남,공주시,정안면 어물리,,46933
314-824,충남,공주시,정안면 운궁리,,46934
314-823,충남,공주시,정안면 월산리,,46935
314-823,충남,공주시,정안면 인풍리,,46936
314-824,충남,공주시,정안면 장원리,,46937
314-825,충남,공주시,정안면 전평리,,46938
314-823,충남,공주시,정안면 태성리,,46939
314-825,충남,공주시,정안면 평정리,,46940
314-825,충남,공주시,정안면 화봉리,,46941
314-820,충남,공주시,정안면,,46942
314-851,충남,공주시,탄천면 가척리,,46943
314-852,충남,공주시,탄천면 견동리,,46944
314-853,충남,공주시,탄천면 광명리,,46945
314-854,충남,공주시,탄천면 국동리,,46946
314-851,충남,공주시,탄천면 남산리,,46947
314-852,충남,공주시,탄천면 대학리,,46948
314-853,충남,공주시,탄천면 덕지리,,46949
314-852,충남,공주시,탄천면 분강리,,46950
314-854,충남,공주시,탄천면 삼각리,,46951
314-854,충남,공주시,탄천면 성리,,46952
314-854,충남,공주시,탄천면 송학리,,46953
314-853,충남,공주시,탄천면 안영리,,46954
314-852,충남,공주시,탄천면 운곡리,,46955
314-852,충남,공주시,탄천면 유하리,,46956
314-853,충남,공주시,탄천면 장선리,,46957
314-851,충남,공주시,탄천면 정치리,,46958
314-851,충남,공주시,탄천면 화정리,,46959
314-850,충남,공주시,탄천면,,46960
314-600,충남,공주시,공주우체국사서함,,46961
320-702,충남,논산시,강산동 논산세무서,,46962
320-751,충남,논산시,강산동 부영아파트,,46963
320-010,충남,논산시,강산동,,46964
320-020,충남,논산시,관촉동,,46965
320-711,충남,논산시,내동 건양대학교,,46966
320-701,충남,논산시,내동 논산시청,,46967
320-752,충남,논산시,내동 놀뫼아파트,,46968
320-754,충남,논산시,내동 제이파크아파트,,46969
320-030,충남,논산시,내동,,46970
320-756,충남,논산시,대교동 휴먼시아아파트,(101∼107동),46971
320-800,충남,논산시,대교동,1∼210,46972
320-801,충남,논산시,대교동,211∼500,46973
320-050,충남,논산시,대교동,,46974
320-040,충남,논산시,덕지동,,46975
320-060,충남,논산시,등화동,,46976
320-070,충남,논산시,반월동,,46977
320-753,충남,논산시,부창동 대림아파트,,46978
320-080,충남,논산시,부창동,,46979
320-090,충남,논산시,지산동,,46980
320-755,충남,논산시,취암동 주공1단지아파트,(101∼106동),46981
320-755,충남,논산시,취암동 주공2단지아파트,(201∼208동),46982
320-802,충남,논산시,취암동,1∼170,46983
320-803,충남,논산시,취암동,171∼359,46984
320-804,충남,논산시,취암동,360∼570,46985
320-803,충남,논산시,취암동,571∼649,46986
320-804,충남,논산시,취암동,650∼1003,46987
320-802,충남,논산시,취암동,1004∼1046,46988
320-803,충남,논산시,취암동,1047∼1500,46989
320-110,충남,논산시,취암동,,46990
320-120,충남,논산시,화지동 논산우체국,,46991
320-120,충남,논산시,화지동,,46992
320-901,충남,논산시,강경읍 남교리,,46993
320-902,충남,논산시,강경읍 대흥리,,46994
320-903,충남,논산시,강경읍 동흥리,,46995
320-903,충남,논산시,강경읍 북옥리,,46996
320-904,충남,논산시,강경읍 산양리,,46997
320-903,충남,논산시,강경읍 서창리,,46998
320-901,충남,논산시,강경읍 염천리,,46999
320-901,충남,논산시,강경읍 중앙리,,47000
320-905,충남,논산시,강경읍 채산리,,47001
320-905,충남,논산시,강경읍 채운리,,47002
320-901,충남,논산시,강경읍 태평리,,47003
320-903,충남,논산시,강경읍 홍교리,,47004
320-902,충남,논산시,강경읍 황산리,,47005
320-900,충남,논산시,강경읍,,47006
320-831,충남,논산시,연무읍 고내리,,47007
320-832,충남,논산시,연무읍 금곡리,,47008
320-833,충남,논산시,연무읍 동산리,,47009
320-834,충남,논산시,연무읍 마산리,,47010
320-835,충남,논산시,연무읍 마전리,,47011
320-835,충남,논산시,연무읍 봉동리,,47012
320-836,충남,논산시,연무읍 소룡리,,47013
320-837,충남,논산시,연무읍 신화리,,47014
320-838,충남,논산시,연무읍 안심리,,47015
320-836,충남,논산시,연무읍 양지리,,47016
320-833,충남,논산시,연무읍 죽본리,,47017
320-839,충남,논산시,연무읍 죽평리 사서함,76,47018
320-832,충남,논산시,연무읍 죽평리,,47019
320-836,충남,논산시,연무읍 황화정리,,47020
320-830,충남,논산시,연무읍,,47021
320-841,충남,논산시,가야곡면 강청리,,47022
320-842,충남,논산시,가야곡면 두월리,,47023
320-842,충남,논산시,가야곡면 등리,,47024
320-843,충남,논산시,가야곡면 목곡리,,47025
320-843,충남,논산시,가야곡면 병암리,,47026
320-843,충남,논산시,가야곡면 산노리,,47027
320-844,충남,논산시,가야곡면 삼전리,,47028
320-844,충남,논산시,가야곡면 야촌리,,47029
320-841,충남,논산시,가야곡면 양촌리,,47030
320-844,충남,논산시,가야곡면 왕암리,,47031
320-841,충남,논산시,가야곡면 육곡리,,47032
320-842,충남,논산시,가야곡면 조정리,,47033
320-842,충남,논산시,가야곡면 종연리,,47034
320-843,충남,논산시,가야곡면 함적리,,47035
320-840,충남,논산시,가야곡면,,47036
320-951,충남,논산시,광석면 갈산리,,47037
320-951,충남,논산시,광석면 광리,,47038
320-951,충남,논산시,광석면 득윤리,,47039
320-952,충남,논산시,광석면 사월리,,47040
320-953,충남,논산시,광석면 산동리,,47041
320-954,충남,논산시,광석면 신당리,,47042
320-952,충남,논산시,광석면 오강리,,47043
320-953,충남,논산시,광석면 왕전리,,47044
320-952,충남,논산시,광석면 율리,,47045
320-954,충남,논산시,광석면 이사리,,47046
320-951,충남,논산시,광석면 중리,,47047
320-954,충남,논산시,광석면 천동리,,47048
320-953,충남,논산시,광석면 항월리,,47049
320-950,충남,논산시,광석면,,47050
320-921,충남,논산시,노성면 가곡리,,47051
320-922,충남,논산시,노성면 교촌리,,47052
320-921,충남,논산시,노성면 구암리,,47053
320-921,충남,논산시,노성면 노티리,,47054
320-922,충남,논산시,노성면 두사리,,47055
320-923,충남,논산시,노성면 병사리,,47056
320-921,충남,논산시,노성면 송당리,,47057
320-922,충남,논산시,노성면 읍내리,,47058
320-923,충남,논산시,노성면 장구리,,47059
320-923,충남,논산시,노성면 죽림리,,47060
320-922,충남,논산시,노성면 하도리,,47061
320-923,충남,논산시,노성면 호암리,,47062
320-921,충남,논산시,노성면 화곡리,,47063
320-923,충남,논산시,노성면 효죽리,,47064
320-920,충남,논산시,노성면,,47065
320-881,충남,논산시,벌곡면 검천리,,47066
320-881,충남,논산시,벌곡면 대덕리,,47067
320-881,충남,논산시,벌곡면 덕곡리,,47068
320-881,충남,논산시,벌곡면 덕목리,,47069
320-882,충남,논산시,벌곡면 도산리,,47070
320-882,충남,논산시,벌곡면 만목리,,47071
320-881,충남,논산시,벌곡면 사정리,,47072
320-881,충남,논산시,벌곡면 수락리,,47073
320-883,충남,논산시,벌곡면 신양리,,47074
320-883,충남,논산시,벌곡면 양산리,,47075
320-883,충남,논산시,벌곡면 어곡리,,47076
320-883,충남,논산시,벌곡면 조동리,,47077
320-883,충남,논산시,벌곡면 조령리,,47078
320-883,충남,논산시,벌곡면 한삼천리,,47079
320-880,충남,논산시,벌곡면,,47080
320-861,충남,논산시,부적면 감곡리,,47081
320-862,충남,논산시,부적면 덕평리,,47082
320-862,충남,논산시,부적면 마구평리,,47083
320-863,충남,논산시,부적면 반송리,,47084
320-862,충남,논산시,부적면 부인리,,47085
320-862,충남,논산시,부적면 부황리,,47086
320-863,충남,논산시,부적면 신교리,,47087
320-861,충남,논산시,부적면 신풍리,,47088
320-863,충남,논산시,부적면 아호리,,47089
320-861,충남,논산시,부적면 외성리,,47090
320-861,충남,논산시,부적면 충곡리,,47091
320-863,충남,논산시,부적면 탑정리,,47092
320-860,충남,논산시,부적면,,47093
320-931,충남,논산시,상월면 대명리,,47094
320-931,충남,논산시,상월면 대우리,,47095
320-932,충남,논산시,상월면 대촌리,,47096
320-933,충남,논산시,상월면 산성리,,47097
320-931,충남,논산시,상월면 상도리,,47098
320-931,충남,논산시,상월면 석종리,,47099
320-932,충남,논산시,상월면 숙진리,,47100
320-933,충남,논산시,상월면 신충리,,47101
320-933,충남,논산시,상월면 월오리,,47102
320-932,충남,논산시,상월면 주곡리,,47103
320-933,충남,논산시,상월면 지경리,,47104
320-932,충남,논산시,상월면 학당리,,47105
320-932,충남,논산시,상월면 한천리,,47106
320-930,충남,논산시,상월면,,47107
320-941,충남,논산시,성동면 개척리,,47108
320-941,충남,논산시,성동면 병촌리,,47109
320-942,충남,논산시,성동면 삼산리,,47110
320-943,충남,논산시,성동면 삼호리,,47111
320-941,충남,논산시,성동면 우곤리,,47112
320-944,충남,논산시,성동면 원남리,,47113
320-943,충남,논산시,성동면 원봉리,,47114
320-944,충남,논산시,성동면 원북리,,47115
320-942,충남,논산시,성동면 월성리,,47116
320-944,충남,논산시,성동면 정지리,,47117
320-943,충남,논산시,성동면 화정리,,47118
320-940,충남,논산시,성동면,,47119
320-851,충남,논산시,양촌면 거사리,,47120
320-852,충남,논산시,양촌면 남산리,,47121
320-853,충남,논산시,양촌면 도평리,,47122
320-851,충남,논산시,양촌면 명암리,,47123
320-852,충남,논산시,양촌면 모촌리,,47124
320-851,충남,논산시,양촌면 반곡리,,47125
320-852,충남,논산시,양촌면 반암리,,47126
320-851,충남,논산시,양촌면 산직리,,47127
320-853,충남,논산시,양촌면 석서리,,47128
320-854,충남,논산시,양촌면 신기리,,47129
320-851,충남,논산시,양촌면 신흥리,,47130
320-854,충남,논산시,양촌면 양촌리,,47131
320-852,충남,논산시,양촌면 오산리,,47132
320-853,충남,논산시,양촌면 인천리,,47133
320-854,충남,논산시,양촌면 임화리,,47134
320-854,충남,논산시,양촌면 중산리,,47135
320-852,충남,논산시,양촌면 채광리,,47136
320-850,충남,논산시,양촌면,,47137
320-871,충남,논산시,연산면 고양리,,47138
320-872,충남,논산시,연산면 고정리,,47139
320-873,충남,논산시,연산면 관동리,,47140
320-871,충남,논산시,연산면 덕암리,,47141
320-874,충남,논산시,연산면 백석리,,47142
320-874,충남,논산시,연산면 사포리,,47143
320-874,충남,논산시,연산면 송산리,,47144
320-873,충남,논산시,연산면 송정리,,47145
320-873,충남,논산시,연산면 신암리,,47146
320-872,충남,논산시,연산면 신양리,,47147
320-874,충남,논산시,연산면 어은리,,47148
320-875,충남,논산시,연산면 연산리,,47149
320-874,충남,논산시,연산면 오산리,,47150
320-872,충남,논산시,연산면 임리,,47151
320-871,충남,논산시,연산면 장전리,,47152
320-873,충남,논산시,연산면 천호리,,47153
320-875,충남,논산시,연산면 청동리,,47154
320-871,충남,논산시,연산면 표정리,,47155
320-872,충남,논산시,연산면 한전리,,47156
320-873,충남,논산시,연산면 화악리,,47157
320-870,충남,논산시,연산면,,47158
320-821,충남,논산시,은진면 교촌리,,47159
320-822,충남,논산시,은진면 남산리,,47160
320-822,충남,논산시,은진면 방축리,,47161
320-821,충남,논산시,은진면 성덕리,,47162
320-821,충남,논산시,은진면 성평리,,47163
320-823,충남,논산시,은진면 시묘리,,47164
320-823,충남,논산시,은진면 연서리,,47165
320-821,충남,논산시,은진면 와야리,,47166
320-823,충남,논산시,은진면 용산리,,47167
320-822,충남,논산시,은진면 토양리,,47168
320-820,충남,논산시,은진면,,47169
320-811,충남,논산시,채운면 삼거리,,47170
320-812,충남,논산시,채운면 심암리,,47171
320-811,충남,논산시,채운면 야화리,,47172
320-812,충남,논산시,채운면 용화리,,47173
320-812,충남,논산시,채운면 우기리,,47174
320-811,충남,논산시,채운면 장화리,,47175
320-811,충남,논산시,채운면 화산리,,47176
320-812,충남,논산시,채운면 화정리,,47177
320-810,충남,논산시,채운면,,47178
320-600,충남,논산시,논산우체국사서함,,47179
343-020,충남,당진시,구룡동,,47180
343-030,충남,당진시,대덕동,,47181
343-040,충남,당진시,사기소동,,47182
343-050,충남,당진시,수청동,,47183
343-753,충남,당진시,시곡동 현대그린아파트,(101∼108동),47184
343-060,충남,당진시,시곡동,,47185
343-070,충남,당진시,용연동,,47186
343-080,충남,당진시,우두동,,47187
343-758,충남,당진시,원당동 파크빌2차아파트,(201∼206동),47188
343-757,충남,당진시,원당동 그린빌아파트,(301∼311동),47189
343-756,충남,당진시,원당동 원당마을아파트,(101∼114동),47190
343-752,충남,당진시,원당동 청구아파트,(101∼104동),47191
343-755,충남,당진시,원당동 파크빌아파트,(101∼105동),47192
343-090,충남,당진시,원당동,,47193
343-010,충남,당진시,읍내동 당진우체국,,47194
343-751,충남,당진시,읍내동 벽산아파트,(101∼104동),47195
343-920,충남,당진시,읍내동,1∼240,47196
343-921,충남,당진시,읍내동,241∼310,47197
343-922,충남,당진시,읍내동,311∼480,47198
343-923,충남,당진시,읍내동,481∼630,47199
343-924,충남,당진시,읍내동,631∼740,47200
343-925,충남,당진시,읍내동,741∼1400,47201
343-010,충남,당진시,읍내동,,47202
343-759,충남,당진시,채운동 삼성쉐르빌,(101∼107동),47203
343-760,충남,당진시,채운동 채운공원휴먼빌아파트,(101∼106동),47204
343-926,충남,당진시,채운동,1∼359,47205
343-927,충남,당진시,채운동,360∼990,47206
343-928,충남,당진시,채운동,991∼1199,47207
343-100,충남,당진시,채운동,,47208
343-110,충남,당진시,행정동,,47209
343-711,충남,당진시,송악읍 고대리 현대제철주식회사,,47210
343-821,충남,당진시,송악읍 가교리,,47211
343-822,충남,당진시,송악읍 가학리,,47212
343-823,충남,당진시,송악읍 고대리,,47213
343-824,충남,당진시,송악읍 광명리,,47214
343-822,충남,당진시,송악읍 금곡리,,47215
343-825,충남,당진시,송악읍 기지시리,,47216
343-826,충남,당진시,송악읍 도원리,,47217
343-824,충남,당진시,송악읍 반촌리,,47218
343-821,충남,당진시,송악읍 방계리,,47219
343-827,충남,당진시,송악읍 복운리,,47220
343-821,충남,당진시,송악읍 본당리,,47221
343-824,충남,당진시,송악읍 봉교리,,47222
343-827,충남,당진시,송악읍 부곡리,,47223
343-822,충남,당진시,송악읍 석포리,,47224
343-824,충남,당진시,송악읍 영천리,,47225
343-827,충남,당진시,송악읍 오곡리,,47226
343-823,충남,당진시,송악읍 월곡리,,47227
343-826,충남,당진시,송악읍 전대리,,47228
343-822,충남,당진시,송악읍 정곡리,,47229
343-826,충남,당진시,송악읍 중흥리,,47230
343-821,충남,당진시,송악읍 청금리,,47231
343-823,충남,당진시,송악읍 한진리,,47232
343-820,충남,당진시,송악읍,,47233
343-902,충남,당진시,합덕읍 대전리,,47234
343-902,충남,당진시,합덕읍 대합덕리,,47235
343-903,충남,당진시,합덕읍 도곡리,,47236
343-904,충남,당진시,합덕읍 도리,,47237
343-906,충남,당진시,합덕읍 석우리,,47238
343-906,충남,당진시,합덕읍 성동리,,47239
343-903,충남,당진시,합덕읍 소소리,,47240
343-902,충남,당진시,합덕읍 신리,,47241
343-902,충남,당진시,합덕읍 신석리,,47242
343-904,충남,당진시,합덕읍 신흥리,,47243
343-904,충남,당진시,합덕읍 옥금리,,47244
343-907,충남,당진시,합덕읍 운산리,,47245
343-904,충남,당진시,합덕읍 점원리,,47246
343-906,충남,당진시,합덕읍 합덕리,,47247
343-900,충남,당진시,합덕읍,,47248
343-841,충남,당진시,고대면 당진포리,,47249
343-842,충남,당진시,고대면 대촌리,,47250
343-843,충남,당진시,고대면 성산리,,47251
343-842,충남,당진시,고대면 슬항리,,47252
343-844,충남,당진시,고대면 옥현리,,47253
343-845,충남,당진시,고대면 용두리,,47254
343-843,충남,당진시,고대면 장항리,,47255
343-844,충남,당진시,고대면 진관리,,47256
343-845,충남,당진시,고대면 항곡리,,47257
343-840,충남,당진시,고대면,,47258
343-871,충남,당진시,대호지면 도이리,,47259
343-871,충남,당진시,대호지면 두산리,,47260
343-872,충남,당진시,대호지면 마중리,,47261
343-873,충남,당진시,대호지면 사성리,,47262
343-872,충남,당진시,대호지면 송전리,,47263
343-871,충남,당진시,대호지면 장정리,,47264
343-873,충남,당진시,대호지면 적서리,,47265
343-872,충남,당진시,대호지면 조금리,,47266
343-872,충남,당진시,대호지면 출포리,,47267
343-870,충남,당진시,대호지면,,47268
343-881,충남,당진시,면천면 대치리,,47269
343-882,충남,당진시,면천면 문봉리,,47270
343-883,충남,당진시,면천면 사기소리,,47271
343-881,충남,당진시,면천면 삼웅리,,47272
343-884,충남,당진시,면천면 성상리,,47273
343-881,충남,당진시,면천면 성하리,,47274
343-881,충남,당진시,면천면 송학리,,47275
343-884,충남,당진시,면천면 원동리,,47276
343-882,충남,당진시,면천면 율사리,,47277
343-882,충남,당진시,면천면 자개리,,47278
343-883,충남,당진시,면천면 죽동리,,47279
343-880,충남,당진시,면천면,,47280
343-851,충남,당진시,석문면 교로리,,47281
343-852,충남,당진시,석문면 난지도리,,47282
343-853,충남,당진시,석문면 삼봉리,,47283
343-854,충남,당진시,석문면 삼화리,,47284
343-855,충남,당진시,석문면 장고항리,,47285
343-856,충남,당진시,석문면 초락도리,,47286
343-856,충남,당진시,석문면 통정리,,47287
343-850,충남,당진시,석문면,,47288
343-754,충남,당진시,송산면 금암리 대상아파트,(101∼107동),47289
343-712,충남,당진시,송산면 동곡리 현대제철주식회사,,47290
343-831,충남,당진시,송산면 가곡리,,47291
343-832,충남,당진시,송산면 금암리,,47292
343-832,충남,당진시,송산면 당산리,,47293
343-833,충남,당진시,송산면 도문리,,47294
343-831,충남,당진시,송산면 동곡리,,47295
343-834,충남,당진시,송산면 매곡리,,47296
343-833,충남,당진시,송산면 명산리,,47297
343-835,충남,당진시,송산면 무수리,,47298
343-834,충남,당진시,송산면 부곡리,,47299
343-833,충남,당진시,송산면 삼월리,,47300
343-834,충남,당진시,송산면 상거리,,47301
343-832,충남,당진시,송산면 송석리,,47302
343-835,충남,당진시,송산면 유곡리,,47303
343-830,충남,당진시,송산면,,47304
343-891,충남,당진시,순성면 갈산리,,47305
343-892,충남,당진시,순성면 광천리,,47306
343-893,충남,당진시,순성면 나산리,,47307
343-893,충남,당진시,순성면 백석리,,47308
343-894,충남,당진시,순성면 본리,,47309
343-895,충남,당진시,순성면 봉소리,,47310
343-891,충남,당진시,순성면 성북리,,47311
343-892,충남,당진시,순성면 아찬리,,47312
343-893,충남,당진시,순성면 양유리,,47313
343-892,충남,당진시,순성면 옥호리,,47314
343-894,충남,당진시,순성면 중방리,,47315
343-890,충남,당진시,순성면,,47316
343-811,충남,당진시,신평면 거산리,,47317
343-812,충남,당진시,신평면 금천리,,47318
343-813,충남,당진시,신평면 남산리,,47319
343-813,충남,당진시,신평면 도성리,,47320
343-814,충남,당진시,신평면 매산리,,47321
343-814,충남,당진시,신평면 부수리,,47322
343-815,충남,당진시,신평면 상오리,,47323
343-816,충남,당진시,신평면 신당리,,47324
343-815,충남,당진시,신평면 신송리,,47325
343-816,충남,당진시,신평면 신흥리,,47326
343-816,충남,당진시,신평면 운정리,,47327
343-811,충남,당진시,신평면 초대리,,47328
343-814,충남,당진시,신평면 한정리,,47329
343-810,충남,당진시,신평면,,47330
343-911,충남,당진시,우강면 강문리,,47331
343-911,충남,당진시,우강면 공포리,,47332
343-912,충남,당진시,우강면 내경리,,47333
343-912,충남,당진시,우강면 대포리,,47334
343-911,충남,당진시,우강면 부장리,,47335
343-912,충남,당진시,우강면 성원리,,47336
343-913,충남,당진시,우강면 세류리,,47337
343-912,충남,당진시,우강면 소반리,,47338
343-914,충남,당진시,우강면 송산리,,47339
343-911,충남,당진시,우강면 신촌리,,47340
343-914,충남,당진시,우강면 원치리,,47341
343-913,충남,당진시,우강면 창리,,47342
343-910,충남,당진시,우강면,,47343
343-861,충남,당진시,정미면 대운산리,,47344
343-862,충남,당진시,정미면 대조리,,47345
343-861,충남,당진시,정미면 덕마리,,47346
343-863,충남,당진시,정미면 덕삼리,,47347
343-862,충남,당진시,정미면 도산리,,47348
343-863,충남,당진시,정미면 매방리,,47349
343-861,충남,당진시,정미면 모평리,,47350
343-862,충남,당진시,정미면 봉생리,,47351
343-863,충남,당진시,정미면 봉성리,,47352
343-861,충남,당진시,정미면 사관리,,47353
343-863,충남,당진시,정미면 산성리,,47354
343-861,충남,당진시,정미면 수당리,,47355
343-862,충남,당진시,정미면 승산리,,47356
343-861,충남,당진시,정미면 신시리,,47357
343-863,충남,당진시,정미면 우산리,,47358
343-862,충남,당진시,정미면 천의리,,47359
343-863,충남,당진시,정미면 하성리,,47360
343-860,충남,당진시,정미면,,47361
355-772,충남,보령시,궁촌동 SK뷰아파트,(101∼108동),47362
355-800,충남,보령시,궁촌동 보령우체국,,47363
355-060,충남,보령시,궁촌동,,47364
355-090,충남,보령시,남곡동,,47365
355-080,충남,보령시,내항동,,47366
355-770,충남,보령시,대천1동 보령경찰서,,47367
355-753,충남,보령시,대천1동 태영아파트,,47368
355-932,충남,보령시,대천1동,1∼137,47369
355-933,충남,보령시,대천1동,195∼210,47370
355-934,충남,보령시,대천1동,211∼320,47371
355-933,충남,보령시,대천1동,321∼361,47372
355-934,충남,보령시,대천1동,1200∼1600,47373
355-011,충남,보령시,대천1동,,47374
355-771,충남,보령시,대천2동 국민건강보험공단,,47375
355-703,충남,보령시,대천2동 대림빌딩,,47376
355-751,충남,보령시,대천2동 동부아파트,,47377
355-752,충남,보령시,대천2동 흥화아파트,,47378
355-930,충남,보령시,대천2동,138∼194,47379
355-931,충남,보령시,대천2동,362∼455,47380
355-930,충남,보령시,대천2동,456∼460,47381
355-931,충남,보령시,대천2동,461∼1199,47382
355-012,충남,보령시,대천2동,,47383
355-010,충남,보령시,대천동,,47384
355-702,충남,보령시,동대동 국민연금공단보령지사,,47385
355-740,충남,보령시,동대동 동대휴먼시아3단지아파트,(301∼306동),47386
355-741,충남,보령시,동대동 동대휴먼시아4단지아파트,(401∼409동),47387
355-755,충남,보령시,동대동 주공1차아파트,(101∼109동),47388
355-756,충남,보령시,동대동 주공2차아파트,(110∼117동),47389
355-754,충남,보령시,동대동 현대아파트,,47390
355-935,충남,보령시,동대동,1∼649,47391
355-936,충남,보령시,동대동,650∼810,47392
355-937,충남,보령시,동대동,811∼869,47393
355-936,충남,보령시,동대동,870∼1350,47394
355-938,충남,보령시,동대동,1351∼2000,47395
355-140,충남,보령시,동대동,,47396
355-704,충남,보령시,명천동 대전지방노동청보령지청,,47397
355-757,충남,보령시,명천동 동대주공3차아파트,(118∼124동),47398
355-711,충남,보령시,명천동 보령명천코아루아파트,(101∼109동),47399
355-701,충남,보령시,명천동 보령시청,,47400
355-758,충남,보령시,명천동 주공1차아파트,(101∼109동),47401
355-759,충남,보령시,명천동 주공2차아파트,(201∼207동),47402
355-760,충남,보령시,명천동 주공3차아파트,(301∼310동),47403
355-761,충남,보령시,명천동 주공4차아파트,(311∼315동),47404
355-762,충남,보령시,명천동 주공5차아파트,(316∼326동),47405
355-939,충남,보령시,명천동,1∼199,47406
355-940,충남,보령시,명천동,200∼799,47407
355-941,충남,보령시,명천동,800∼1500,47408
355-939,충남,보령시,명천동,산1∼50,47409
355-070,충남,보령시,명천동,,47410
355-763,충남,보령시,신흑동 유성산호아파트,,47411
355-942,충남,보령시,신흑동,1∼428,47412
355-943,충남,보령시,신흑동,429∼800,47413
355-944,충남,보령시,신흑동,801∼839,47414
355-943,충남,보령시,신흑동,840∼950,47415
355-944,충남,보령시,신흑동,951∼2040,47416
355-943,충남,보령시,신흑동,2041∼2500,47417
355-150,충남,보령시,신흑동,,47418
355-110,충남,보령시,요암동,,47419
355-764,충남,보령시,죽정동 대우아파트,,47420
355-773,충남,보령시,죽정동 보령아산병원,,47421
355-712,충남,보령시,죽정동 보령죽정주공아파트,(101∼110동),47422
355-713,충남,보령시,죽정동 부경파크빌아파트,(101∼105동),47423
355-765,충남,보령시,죽정동 유성1차아파트,(101∼110동),47424
355-766,충남,보령시,죽정동 유성2차아파트,(101∼106동),47425
355-767,충남,보령시,죽정동 한전아파트,,47426
355-768,충남,보령시,죽정동 현대아파트,,47427
355-120,충남,보령시,죽정동,,47428
355-130,충남,보령시,화산동,,47429
355-851,충남,보령시,웅천읍 관당리,,47430
355-851,충남,보령시,웅천읍 구룡리,,47431
355-852,충남,보령시,웅천읍 노천리,,47432
355-853,충남,보령시,웅천읍 대창리,,47433
355-854,충남,보령시,웅천읍 대천리,,47434
355-852,충남,보령시,웅천읍 독산리,,47435
355-851,충남,보령시,웅천읍 두룡리,,47436
355-854,충남,보령시,웅천읍 성동리,,47437
355-852,충남,보령시,웅천읍 소황리,,47438
355-855,충남,보령시,웅천읍 수부리,,47439
355-852,충남,보령시,웅천읍 죽청리,,47440
355-855,충남,보령시,웅천읍 평리,,47441
355-852,충남,보령시,웅천읍 황교리,,47442
355-850,충남,보령시,웅천읍,,47443
355-881,충남,보령시,남포면 달산리,,47444
355-882,충남,보령시,남포면 봉덕리,,47445
355-883,충남,보령시,남포면 삼현리,,47446
355-883,충남,보령시,남포면 소송리,,47447
355-884,충남,보령시,남포면 신흥리,,47448
355-884,충남,보령시,남포면 양기리,,47449
355-884,충남,보령시,남포면 양항리,,47450
355-882,충남,보령시,남포면 옥동리,,47451
355-881,충남,보령시,남포면 옥서리,,47452
355-884,충남,보령시,남포면 월전리,,47453
355-881,충남,보령시,남포면 읍내리,,47454
355-883,충남,보령시,남포면 제석리,,47455
355-882,충남,보령시,남포면 창동리,,47456
355-880,충남,보령시,남포면,,47457
355-871,충남,보령시,미산면 남심리,,47458
355-871,충남,보령시,미산면 내평리,,47459
355-872,충남,보령시,미산면 늑전리,,47460
355-871,충남,보령시,미산면 대농리,,47461
355-872,충남,보령시,미산면 도화담리,,47462
355-873,충남,보령시,미산면 도흥리,,47463
355-873,충남,보령시,미산면 봉성리,,47464
355-871,충남,보령시,미산면 삼계리,,47465
355-873,충남,보령시,미산면 옥현리,,47466
355-872,충남,보령시,미산면 용수리,,47467
355-873,충남,보령시,미산면 은현리,,47468
355-872,충남,보령시,미산면 평라리,,47469
355-872,충남,보령시,미산면 풍계리,,47470
355-871,충남,보령시,미산면 풍산리,,47471
355-870,충남,보령시,미산면,,47472
355-911,충남,보령시,성주면 개화리,,47473
355-912,충남,보령시,성주면 성주1리,,47474
355-912,충남,보령시,성주면 성주2리,,47475
355-912,충남,보령시,성주면 성주3리,,47476
355-912,충남,보령시,성주면 성주4리,,47477
355-912,충남,보령시,성주면 성주5리,,47478
355-912,충남,보령시,성주면 성주6리,,47479
355-911,충남,보령시,성주면 성주7리,,47480
355-911,충남,보령시,성주면 성주8리,,47481
355-912,충남,보령시,성주면 성주리,,47482
355-910,충남,보령시,성주면,,47483
355-705,충남,보령시,오천면 한국중부발전(주)보령화력본부,,47484
355-841,충남,보령시,오천면 갈현리,,47485
355-842,충남,보령시,오천면 고대도리,,47486
355-841,충남,보령시,오천면 교성리,,47487
355-845,충남,보령시,오천면 녹도리 호도,,47488
355-842,충남,보령시,오천면 녹도리,,47489
355-842,충남,보령시,오천면 삽시도리,,47490
355-843,충남,보령시,오천면 소성리,,47491
355-844,충남,보령시,오천면 영보리,,47492
355-844,충남,보령시,오천면 오포리,,47493
355-845,충남,보령시,오천면 외연도리,,47494
355-846,충남,보령시,오천면 원산도리,,47495
355-845,충남,보령시,오천면 장고도리,,47496
355-847,충남,보령시,오천면 효자도리 소도,,47497
355-848,충남,보령시,오천면 효자도리 월도,,47498
355-848,충남,보령시,오천면 효자도리 육도,,47499
355-847,충남,보령시,오천면 효자도리 추도,,47500
355-848,충남,보령시,오천면 효자도리 허육도,,47501
355-846,충남,보령시,오천면 효자도리,,47502
355-840,충남,보령시,오천면,,47503
355-921,충남,보령시,주교면 고정리,,47504
355-922,충남,보령시,주교면 관창리,,47505
355-921,충남,보령시,주교면 송학리,,47506
355-922,충남,보령시,주교면 신대리,,47507
355-923,충남,보령시,주교면 은포리,,47508
355-923,충남,보령시,주교면 주교리,,47509
355-920,충남,보령시,주교면,,47510
355-861,충남,보령시,주산면 금암리,,47511
355-862,충남,보령시,주산면 동오리,,47512
355-862,충남,보령시,주산면 삼곡리,,47513
355-863,충남,보령시,주산면 신구리,,47514
355-863,충남,보령시,주산면 야룡리,,47515
355-863,충남,보령시,주산면 유곡리,,47516
355-861,충남,보령시,주산면 주야리,,47517
355-863,충남,보령시,주산면 증산리,,47518
355-861,충남,보령시,주산면 창암리,,47519
355-862,충남,보령시,주산면 화평리,,47520
355-862,충남,보령시,주산면 황율리,,47521
355-860,충남,보령시,주산면,,47522
355-769,충남,보령시,주포면 관산리 아주자동차대학,,47523
355-831,충남,보령시,주포면 관산리,,47524
355-832,충남,보령시,주포면 마강리,,47525
355-831,충남,보령시,주포면 보령리,,47526
355-832,충남,보령시,주포면 봉당리,,47527
355-832,충남,보령시,주포면 연지리,,47528
355-830,충남,보령시,주포면,,47529
355-811,충남,보령시,천북면 궁포리,,47530
355-811,충남,보령시,천북면 낙동리,,47531
355-849,충남,보령시,천북면 낙동리 빙도,,47532
355-812,충남,보령시,천북면 사호리,,47533
355-813,충남,보령시,천북면 신덕리,,47534
355-813,충남,보령시,천북면 신죽리,,47535
355-812,충남,보령시,천북면 장은리,,47536
355-814,충남,보령시,천북면 하만리,,47537
355-814,충남,보령시,천북면 학성리,,47538
355-810,충남,보령시,천북면,,47539
355-892,충남,보령시,청라면 나원리,,47540
355-891,충남,보령시,청라면 내현리,,47541
355-892,충남,보령시,청라면 소양리,,47542
355-891,충남,보령시,청라면 신산리,,47543
355-893,충남,보령시,청라면 옥계리,,47544
355-891,충남,보령시,청라면 음현리,,47545
355-894,충남,보령시,청라면 의평리,,47546
355-893,충남,보령시,청라면 장산리,,47547
355-891,충남,보령시,청라면 장현리,,47548
355-894,충남,보령시,청라면 향천리,,47549
355-893,충남,보령시,청라면 황룡리,,47550
355-890,충남,보령시,청라면,,47551
355-821,충남,보령시,청소면 성연리,,47552
355-822,충남,보령시,청소면 신송리,,47553
355-821,충남,보령시,청소면 야현리,,47554
355-823,충남,보령시,청소면 장곡리,,47555
355-822,충남,보령시,청소면 재정리,,47556
355-821,충남,보령시,청소면 정전리,,47557
355-822,충남,보령시,청소면 죽림리,,47558
355-823,충남,보령시,청소면 진죽리,,47559
355-820,충남,보령시,청소면,,47560
355-600,충남,보령시,보령우체국사서함,,47561
356-764,충남,서산시,갈산동 세창아파트,,47562
356-080,충남,서산시,갈산동,,47563
356-140,충남,서산시,덕지천동,,47564
356-702,충남,서산시,동문동 KT서산지사,,47565
356-751,충남,서산시,동문동 삼성아파트,,47566
356-010,충남,서산시,동문동 서산우체국,,47567
356-753,충남,서산시,동문동 주공아파트,,47568
356-768,충남,서산시,동문동 코아루아파트,(101∼115동),47569
356-769,충남,서산시,동문동 한라비발디아파트,(101∼113동),47570
356-752,충남,서산시,동문동 현대아파트,,47571
356-776,충남,서산시,동문동 현진에버빌아파트,(101∼112동),47572
356-800,충남,서산시,동문동,1∼249,47573
356-801,충남,서산시,동문동,250∼369,47574
356-802,충남,서산시,동문동,370∼879,47575
356-803,충남,서산시,동문동,880∼967,47576
356-804,충남,서산시,동문동,968∼1500,47577
356-010,충남,서산시,동문동,,47578
356-765,충남,서산시,석남동 서산센스빌아파트,(101∼117동),47579
356-754,충남,서산시,석남동 영진크로바아파트,,47580
356-110,충남,서산시,석남동,,47581
356-755,충남,서산시,석림동 신주공아파트,,47582
356-777,충남,서산시,석림동 중앙하이츠빌아파트,(101∼108동),47583
356-775,충남,서산시,석림동 한성필하우스아파트,(101∼109동),47584
356-816,충남,서산시,석림동,1∼300,47585
356-817,충남,서산시,석림동,301∼400,47586
356-818,충남,서산시,석림동,401∼600,47587
356-819,충남,서산시,석림동,601∼800,47588
356-030,충남,서산시,석림동,,47589
356-756,충남,서산시,수석동 동남아파트,,47590
356-050,충남,서산시,수석동,,47591
356-100,충남,서산시,양대동,,47592
356-707,충남,서산시,예천동 대전지방검찰청서산지청,,47593
356-701,충남,서산시,예천동 대전지방법원서산지원,,47594
356-781,충남,서산시,예천동 예천한성필하우스,(101∼112동),47595
356-770,충남,서산시,예천동 주공아파트,(101∼110동),47596
356-771,충남,서산시,예천동 주공아파트,(201∼211동),47597
356-807,충남,서산시,예천동,1∼500,47598
356-808,충남,서산시,예천동,501∼1300,47599
356-070,충남,서산시,예천동,,47600
356-120,충남,서산시,오남동,,47601
356-060,충남,서산시,온석동,,47602
356-757,충남,서산시,읍내동 대림아파트,,47603
356-758,충남,서산시,읍내동 동신아파트,,47604
356-759,충남,서산시,읍내동 부영아파트,,47605
356-703,충남,서산시,읍내동 서산경찰서,,47606
356-773,충남,서산시,읍내동 서산롯데캐슬아파트,(101∼114동),47607
356-704,충남,서산시,읍내동 서산시청,,47608
356-763,충남,서산시,읍내동 서산읍내현대아파트,,47609
356-805,충남,서산시,읍내동,1∼150,47610
356-836,충남,서산시,읍내동,151∼400,47611
356-806,충남,서산시,읍내동,401∼500,47612
356-837,충남,서산시,읍내동,501∼900,47613
356-020,충남,서산시,읍내동,,47614
356-040,충남,서산시,잠홍동,,47615
356-130,충남,서산시,장동,,47616
356-760,충남,서산시,죽성동 삼성아파트,,47617
356-090,충남,서산시,죽성동,,47618
356-711,충남,서산시,대산읍 삼성토탈(주),,47619
356-713,충남,서산시,대산읍 현대오일뱅크(주),,47620
356-871,충남,서산시,대산읍 기은리,,47621
356-761,충남,서산시,대산읍 기은리 엘지아파트,,47622
356-767,충남,서산시,대산읍 대로리 호남석유화학사택,(201∼205동),47623
356-872,충남,서산시,대산읍 대로리,,47624
356-873,충남,서산시,대산읍 대산리,,47625
356-715,충남,서산시,대산읍 대죽리 (주)엘지화학대산공장,,47626
356-712,충남,서산시,대산읍 대죽리 (주)씨텍,,47627
356-874,충남,서산시,대산읍 대죽리,,47628
356-714,충남,서산시,대산읍 독곶리 호남석유화학(주),,47629
356-874,충남,서산시,대산읍 독곶리,,47630
356-875,충남,서산시,대산읍 영탑리,,47631
356-871,충남,서산시,대산읍 오지리,,47632
356-876,충남,서산시,대산읍 운산리,,47633
356-877,충남,서산시,대산읍 웅도리,,47634
356-872,충남,서산시,대산읍 화곡리,,47635
356-870,충남,서산시,대산읍,,47636
356-762,충남,서산시,고북면 공군아파트,,47637
356-811,충남,서산시,고북면 가구리,,47638
356-812,충남,서산시,고북면 기포리,,47639
356-812,충남,서산시,고북면 남정리,,47640
356-813,충남,서산시,고북면 봉생리,,47641
356-813,충남,서산시,고북면 사기리,,47642
356-812,충남,서산시,고북면 신상리,,47643
356-815,충남,서산시,고북면 신송리,,47644
356-814,충남,서산시,고북면 신정리,,47645
356-815,충남,서산시,고북면 양천리,,47646
356-811,충남,서산시,고북면 용암리,,47647
356-815,충남,서산시,고북면 장요리,,47648
356-813,충남,서산시,고북면 정자리,,47649
356-811,충남,서산시,고북면 초록리,,47650
356-810,충남,서산시,고북면,,47651
356-891,충남,서산시,부석면 가사리,,47652
356-892,충남,서산시,부석면 간월도리,,47653
356-893,충남,서산시,부석면 갈마리,,47654
356-894,충남,서산시,부석면 강당리,,47655
356-891,충남,서산시,부석면 강수리,,47656
356-895,충남,서산시,부석면 대두리,,47657
356-892,충남,서산시,부석면 마룡리,,47658
356-895,충남,서산시,부석면 봉락리,,47659
356-893,충남,서산시,부석면 송시리,,47660
356-893,충남,서산시,부석면 월계리,,47661
356-894,충남,서산시,부석면 지산리,,47662
356-892,충남,서산시,부석면 창리,,47663
356-895,충남,서산시,부석면 취평리,,47664
356-892,충남,서산시,부석면 칠전리,,47665
356-890,충남,서산시,부석면,,47666
356-705,충남,서산시,성연면 다이모스(주),,47667
356-851,충남,서산시,성연면 갈현리,,47668
356-852,충남,서산시,성연면 고남리,,47669
356-853,충남,서산시,성연면 명천리,,47670
356-853,충남,서산시,성연면 예덕리,,47671
356-851,충남,서산시,성연면 오사리,,47672
356-851,충남,서산시,성연면 왕정리,,47673
356-852,충남,서산시,성연면 일람리,,47674
356-851,충남,서산시,성연면 평리,,47675
356-853,충남,서산시,성연면 해성리,,47676
356-850,충남,서산시,성연면,,47677
356-831,충남,서산시,운산면 가좌리,,47678
356-832,충남,서산시,운산면 갈산리,,47679
356-833,충남,서산시,운산면 거성리,,47680
356-834,충남,서산시,운산면 고산리,,47681
356-835,충남,서산시,운산면 고풍리,,47682
356-831,충남,서산시,운산면 상성리,,47683
356-831,충남,서산시,운산면 소중리,,47684
356-834,충남,서산시,운산면 수당리,,47685
356-834,충남,서산시,운산면 수평리,,47686
356-833,충남,서산시,운산면 신창리,,47687
356-834,충남,서산시,운산면 안호리,,47688
356-834,충남,서산시,운산면 여미리,,47689
356-835,충남,서산시,운산면 와우리,,47690
356-832,충남,서산시,운산면 용장리,,47691
356-833,충남,서산시,운산면 용현리,,47692
356-831,충남,서산시,운산면 원벌리,,47693
356-835,충남,서산시,운산면 원평리,,47694
356-833,충남,서산시,운산면 태봉리,,47695
356-834,충남,서산시,운산면 팔중리,,47696
356-830,충남,서산시,운산면,,47697
356-766,충남,서산시,음암면 한성아파트,,47698
356-841,충남,서산시,음암면 도당1리,,47699
356-841,충남,서산시,음암면 도당2리,,47700
356-841,충남,서산시,음암면 도당3리,,47701
356-842,충남,서산시,음암면 도당4리,,47702
356-842,충남,서산시,음암면 도당5리,,47703
356-842,충남,서산시,음암면 도당6리,,47704
356-842,충남,서산시,음암면 도당7리,,47705
356-841,충남,서산시,음암면 도당리,,47706
356-843,충남,서산시,음암면 문양리,,47707
356-843,충남,서산시,음암면 부산리,,47708
356-842,충남,서산시,음암면 부장리,,47709
356-774,충남,서산시,음암면 부장리 서산수림미소가아파트,(101∼115동),47710
356-842,충남,서산시,음암면 상홍리,,47711
356-844,충남,서산시,음암면 성암리,,47712
356-844,충남,서산시,음암면 신장리,,47713
356-844,충남,서산시,음암면 유계리,,47714
356-843,충남,서산시,음암면 율목리,,47715
356-841,충남,서산시,음암면 탑곡리,,47716
356-840,충남,서산시,음암면,,47717
356-881,충남,서산시,인지면 남정리,,47718
356-881,충남,서산시,인지면 둔당리,,47719
356-882,충남,서산시,인지면 모월리,,47720
356-882,충남,서산시,인지면 산동리,,47721
356-883,충남,서산시,인지면 성리,,47722
356-882,충남,서산시,인지면 애정리,,47723
356-881,충남,서산시,인지면 야당리,,47724
356-883,충남,서산시,인지면 차리,,47725
356-883,충남,서산시,인지면 풍전리,,47726
356-883,충남,서산시,인지면 화수리,,47727
356-880,충남,서산시,인지면,,47728
356-861,충남,서산시,지곡면 대요리,,47729
356-862,충남,서산시,지곡면 도성리,,47730
356-878,충남,서산시,지곡면 도성리 분점도,,47731
356-878,충남,서산시,지곡면 도성리 우도,,47732
356-772,충남,서산시,지곡면 무장리 늘푸른오스카빌아파트,(101∼118동),47733
356-863,충남,서산시,지곡면 무장리,,47734
356-862,충남,서산시,지곡면 산성리,,47735
356-863,충남,서산시,지곡면 연화리,,47736
356-863,충남,서산시,지곡면 장현리,,47737
356-862,충남,서산시,지곡면 중왕리,,47738
356-863,충남,서산시,지곡면 화천리,,47739
356-861,충남,서산시,지곡면 환성리,,47740
356-860,충남,서산시,지곡면,,47741
356-981,충남,서산시,팔봉면 고파도리,,47742
356-982,충남,서산시,팔봉면 금학리,,47743
356-982,충남,서산시,팔봉면 대황리,,47744
356-983,충남,서산시,팔봉면 덕송리,,47745
356-983,충남,서산시,팔봉면 양길리,,47746
356-984,충남,서산시,팔봉면 어송리,,47747
356-984,충남,서산시,팔봉면 진장리,,47748
356-983,충남,서산시,팔봉면 호리,,47749
356-982,충남,서산시,팔봉면 흑석리,,47750
356-980,충남,서산시,팔봉면,,47751
356-706,충남,서산시,해미면 한서대학교,,47752
356-821,충남,서산시,해미면 관유리,,47753
356-822,충남,서산시,해미면 귀밀리,,47754
356-823,충남,서산시,해미면 기지리,,47755
356-824,충남,서산시,해미면 대곡리,,47756
356-821,충남,서산시,해미면 동암리,,47757
356-822,충남,서산시,해미면 반양리,,47758
356-824,충남,서산시,해미면 산수리,,47759
356-821,충남,서산시,해미면 삼송리,,47760
356-825,충남,서산시,해미면 석포리,,47761
356-828,충남,서산시,해미면 석포리 사서함,384,47762
356-823,충남,서산시,해미면 양림리,,47763
356-822,충남,서산시,해미면 억대리,,47764
356-821,충남,서산시,해미면 오학리,,47765
356-822,충남,서산시,해미면 웅소성리,,47766
356-826,충남,서산시,해미면 읍내리,,47767
356-823,충남,서산시,해미면 응평리,,47768
356-823,충남,서산시,해미면 저성리,,47769
356-822,충남,서산시,해미면 전천리,,47770
356-823,충남,서산시,해미면 조산리,,47771
356-821,충남,서산시,해미면 홍천리,,47772
356-824,충남,서산시,해미면 황락리,,47773
356-824,충남,서산시,해미면 휴암리,,47774
356-820,충남,서산시,해미면,,47775
356-601,충남,서산시,서산대산우체국사서함,,47776
356-600,충남,서산시,서산우체국사서함,,47777
336-702,충남,아산시,권곡동 KT아산지점,,47778
336-712,충남,아산시,권곡동 아산삼부르네상스아파트,,47779
336-736,충남,아산시,권곡동 아산충무서해그랑블아파트,(101∼107동),47780
336-736,충남,아산시,권곡동 아산충무서해그랑블아파트,(201∼209동),47781
336-786,충남,아산시,권곡동 청솔아파트,(101∼104동),47782
336-030,충남,아산시,권곡동,,47783
336-080,충남,아산시,기산동,,47784
336-170,충남,아산시,남동,,47785
336-770,충남,아산시,득산동 부영아파트,(101∼109동),47786
336-120,충남,아산시,득산동,,47787
336-706,충남,아산시,모종동 국민건강보험공단아산지사,,47788
336-752,충남,아산시,모종동 라이프아파트,(101∼107동),47789
336-792,충남,아산시,모종동 모종2차한성필하우스,(201∼206동),47790
336-793,충남,아산시,모종동 모종e-편한세상아파트,(101∼110동),47791
336-738,충남,아산시,모종동 모종푸르지오아파트,(101∼104동),47792
336-792,충남,아산시,모종동 모종1차한성필하우스아파트,(101∼109동),47793
336-710,충남,아산시,모종동 주공아파트,(101∼108동),47794
336-751,충남,아산시,모종동 한라동백아파트,(101∼103동),47795
336-801,충남,아산시,모종동,1∼560,47796
336-802,충남,아산시,모종동,561∼598,47797
336-040,충남,아산시,모종동,,47798
336-754,충남,아산시,방축동 남산현대아파트,(101∼104동),47799
336-755,충남,아산시,방축동 동아나래1차아파트,(101∼103동),47800
336-756,충남,아산시,방축동 동아나래2차아파트,(201∼202동),47801
336-739,충남,아산시,방축동 방축현대아파트,(101∼107동),47802
336-753,충남,아산시,방축동 주공아파트,,47803
336-070,충남,아산시,방축동,,47804
336-787,충남,아산시,배미동 삼정백조아파트,(101∼105동),47805
336-771,충남,아산시,배미동 서진아파트,(101∼108동),47806
336-130,충남,아산시,배미동,,47807
336-150,충남,아산시,법곡동,,47808
336-180,충남,아산시,신동,,47809
336-140,충남,아산시,신인동,,47810
336-737,충남,아산시,실옥동 대우푸르지오아파트,(101∼107동),47811
336-758,충남,아산시,실옥동 벽산아파트,(101∼106동),47812
336-757,충남,아산시,실옥동 중부팬더아파트,(101∼102동),47813
336-020,충남,아산시,실옥동,,47814
336-772,충남,아산시,온양1동 경남아너스빌아파트,(101∼104동),47815
336-705,충남,아산시,온양1동 아산시법원,,47816
336-701,충남,아산시,온양1동 아산시청,,47817
336-010,충남,아산시,온양1동 아산우체국,,47818
336-759,충남,아산시,온양1동 일성청룡아파트,(101∼106동),47819
336-815,충남,아산시,온양1동,215∼217,47820
336-816,충남,아산시,온양1동,225∼227,47821
336-817,충남,아산시,온양1동,299∼447,47822
336-816,충남,아산시,온양1동,940∼1625,47823
336-815,충남,아산시,온양1동,1626∼1860,47824
336-011,충남,아산시,온양1동,,47825
336-760,충남,아산시,온양2동 삼정아파트,(101∼106동),47826
336-761,충남,아산시,온양2동 시영아파트,(101∼102동),47827
336-709,충남,아산시,온양2동 온양힐스테이트아파트,(101∼107동),47828
336-762,충남,아산시,온양2동 온정아파트,,47829
336-818,충남,아산시,온양2동,123∼153,47830
336-818,충남,아산시,온양2동,161∼209,47831
336-818,충남,아산시,온양2동,222∼224,47832
336-818,충남,아산시,온양2동,228∼230,47833
336-819,충남,아산시,온양2동,465∼759,47834
336-012,충남,아산시,온양2동,,47835
336-010,충남,아산시,온천동,,47836
336-790,충남,아산시,용화동 모아미래도아파트,(101∼106동),47837
336-765,충남,아산시,용화동 온천마을아파트,(101∼108동),47838
336-743,충남,아산시,용화동 용화마을신도브래뉴아파트,(101∼111동),47839
336-773,충남,아산시,용화동 주공1차아파트,(1∼8동),47840
336-763,충남,아산시,용화동 주공2차아파트,(101∼111동),47841
336-764,충남,아산시,용화동 주공3차아파트,(301∼313동),47842
336-050,충남,아산시,용화동,,47843
336-766,충남,아산시,읍내동 주공아파트,(101∼107동),47844
336-190,충남,아산시,읍내동,,47845
336-788,충남,아산시,장존동 청솔아파트,(101∼114동),47846
336-160,충남,아산시,장존동,,47847
336-110,충남,아산시,점양동,,47848
336-767,충남,아산시,좌부동 초원아파트,,47849
336-210,충남,아산시,좌부동,,47850
336-742,충남,아산시,초사동 경찰교육원,,47851
336-090,충남,아산시,초사동,,47852
336-750,충남,아산시,풍기동 동일하이빌아파트,(101∼118동),47853
336-704,충남,아산시,풍기동 아산경찰서,,47854
336-700,충남,아산시,풍기동 아산아이파크아파트,(101∼113동),47855
336-769,충남,아산시,풍기동 인정프린스아파트,(101∼104동),47856
336-768,충남,아산시,풍기동 주은아파트,(101∼111동),47857
336-060,충남,아산시,풍기동,,47858
336-776,충남,아산시,배방읍 신라아파트,(101∼105동),47859
336-777,충남,아산시,배방읍 한도아파트,(101∼107동),47860
336-729,충남,아산시,배방읍 갈매리 배방자이1차아파트,(101∼130동),47861
336-851,충남,아산시,배방읍 갈매리,,47862
336-852,충남,아산시,배방읍 공수1리,,47863
336-852,충남,아산시,배방읍 공수2리,,47864
336-852,충남,아산시,배방읍 공수3리,,47865
336-852,충남,아산시,배방읍 공수4리,,47866
336-853,충남,아산시,배방읍 공수5리,,47867
336-853,충남,아산시,배방읍 공수6리,,47868
336-722,충남,아산시,배방읍 공수7리 아산배방푸르지오아파트,(101∼114동),47869
336-799,충남,아산시,배방읍 공수7리 중앙하이츠아파트,,47870
336-853,충남,아산시,배방읍 공수7리,,47871
336-853,충남,아산시,배방읍 공수8리,,47872
336-797,충남,아산시,배방읍 공수9리 초원아파트,(101∼104동),47873
336-853,충남,아산시,배방읍 공수9리,,47874
336-858,충남,아산시,배방읍 공수10리,,47875
336-858,충남,아산시,배방읍 공수11리,,47876
336-721,충남,아산시,배방읍 공수12리 배방1차한성필하우스아파트,(101∼106동),47877
336-858,충남,아산시,배방읍 공수12리,,47878
336-723,충남,아산시,배방읍 공수13리 아산배방한라비발디아파트,(101∼110동),47879
336-858,충남,아산시,배방읍 공수13리,,47880
336-858,충남,아산시,배방읍 공수14리,,47881
336-721,충남,아산시,배방읍 공수15리 배방2차한성필하우스아파트,(201∼203동),47882
336-858,충남,아산시,배방읍 공수15리,,47883
336-703,충남,아산시,배방읍 공수리 신도리코,,47884
336-852,충남,아산시,배방읍 공수리,,47885
336-852,충남,아산시,배방읍 구령리,,47886
336-717,충남,아산시,배방읍 북수8리 배방어울림아파트,(101∼105동),47887
336-724,충남,아산시,배방읍 북수9리 배방자이2차아파트,(101∼110동),47888
336-731,충남,아산시,배방읍 북수10리 배방롯데캐슬아파트,(101∼113동),47889
336-726,충남,아산시,배방읍 북수11리 새솔마을중앙하이츠아파트,(301∼306동),47890
336-851,충남,아산시,배방읍 북수1리,,47891
336-851,충남,아산시,배방읍 북수2리,,47892
336-851,충남,아산시,배방읍 북수3리,,47893
336-851,충남,아산시,배방읍 북수4리,,47894
336-854,충남,아산시,배방읍 북수5리,,47895
336-854,충남,아산시,배방읍 북수6리,,47896
336-854,충남,아산시,배방읍 북수7리,,47897
336-851,충남,아산시,배방읍 북수리,,47898
336-711,충남,아산시,배방읍 삼성전자(주)온양사업장,,47899
336-855,충남,아산시,배방읍 세교리,,47900
336-795,충남,아산시,배방읍 세출리 호서대학교,,47901
336-851,충남,아산시,배방읍 세출리,,47902
336-856,충남,아산시,배방읍 수철리,,47903
336-856,충남,아산시,배방읍 신흥리,,47904
336-744,충남,아산시,배방읍 장재리 연화마을STXKAN6단지아파트,(601∼609동),47905
336-734,충남,아산시,배방읍 장재리 연화마을휴먼시아7단지아파트,(701∼708동),47906
336-740,충남,아산시,배방읍 장재리 연화마을휴먼시아8단지아파트,(801∼811동),47907
336-747,충남,아산시,배방읍 장재리 요진와이시티,(101∼111동),47908
336-808,충남,아산시,배방읍 장재리 용연마을STXKAN4단지아파트,(401∼404동),47909
336-733,충남,아산시,배방읍 장재리 용연마을휴먼시아1단지아파트,(101∼110동),47910
336-749,충남,아산시,배방읍 장재리 용연마을휴먼시아2단지,(201∼208동),47911
336-746,충남,아산시,배방읍 장재리 용연마을휴먼시아3단지아파트,(301∼306동),47912
336-791,충남,아산시,배방읍 장재리 장재마을휴먼시아아파트,(1101∼1112동),47913
336-857,충남,아산시,배방읍 장재리,,47914
336-856,충남,아산시,배방읍 중리,,47915
336-851,충남,아산시,배방읍 회룡리,,47916
336-855,충남,아산시,배방읍 휴대리,,47917
336-850,충남,아산시,배방읍,,47918
336-784,충남,아산시,염치읍 방현리 한남프레시앙아파트,(101∼106동),47919
336-785,충남,아산시,염치읍 송곡리 신일아파트,(101∼103동),47920
336-811,충남,아산시,염치읍 강청리,,47921
336-812,충남,아산시,염치읍 곡교리,,47922
336-813,충남,아산시,염치읍 대동리,,47923
336-812,충남,아산시,염치읍 동정리,,47924
336-814,충남,아산시,염치읍 방현리,,47925
336-813,충남,아산시,염치읍 백암리,,47926
336-811,충남,아산시,염치읍 산양리,,47927
336-811,충남,아산시,염치읍 서원리,,47928
336-814,충남,아산시,염치읍 석두리,,47929
336-814,충남,아산시,염치읍 석정리,,47930
336-813,충남,아산시,염치읍 송곡리,,47931
336-812,충남,아산시,염치읍 쌍죽리,,47932
336-812,충남,아산시,염치읍 염성리,,47933
336-812,충남,아산시,염치읍 중방리,,47934
336-810,충남,아산시,염치읍,,47935
336-911,충남,아산시,도고면 금산리,,47936
336-912,충남,아산시,도고면 기곡리,,47937
336-913,충남,아산시,도고면 농은리,,47938
336-913,충남,아산시,도고면 덕암리,,47939
336-913,충남,아산시,도고면 도산리,,47940
336-914,충남,아산시,도고면 봉농리,,47941
336-911,충남,아산시,도고면 석당리,,47942
336-911,충남,아산시,도고면 시전리,,47943
336-914,충남,아산시,도고면 신언리,,47944
336-911,충남,아산시,도고면 신유리,,47945
336-912,충남,아산시,도고면 신통리,,47946
336-913,충남,아산시,도고면 오암리,,47947
336-912,충남,아산시,도고면 와산리,,47948
336-912,충남,아산시,도고면 향산리,,47949
336-913,충남,아산시,도고면 화천리,,47950
336-914,충남,아산시,도고면 효자리,,47951
336-910,충남,아산시,도고면,,47952
336-871,충남,아산시,둔포면 관대리,,47953
336-872,충남,아산시,둔포면 둔포리,,47954
336-873,충남,아산시,둔포면 봉재리,,47955
336-873,충남,아산시,둔포면 산전리,,47956
336-871,충남,아산시,둔포면 석곡리,,47957
336-874,충남,아산시,둔포면 송용리,,47958
336-874,충남,아산시,둔포면 시포리,,47959
336-874,충남,아산시,둔포면 신남1리,,47960
336-874,충남,아산시,둔포면 신남2리,,47961
336-874,충남,아산시,둔포면 신남3리,,47962
336-874,충남,아산시,둔포면 신남4리,,47963
336-873,충남,아산시,둔포면 신남5리,,47964
336-873,충남,아산시,둔포면 신남리,,47965
336-874,충남,아산시,둔포면 신법리,,47966
336-873,충남,아산시,둔포면 신양리,,47967
336-875,충남,아산시,둔포면 신왕리,,47968
336-873,충남,아산시,둔포면 신항리,,47969
336-875,충남,아산시,둔포면 염작리,,47970
336-871,충남,아산시,둔포면 운교리,,47971
336-875,충남,아산시,둔포면 운용리,,47972
336-870,충남,아산시,둔포면,,47973
336-891,충남,아산시,선장면 가산리,,47974
336-892,충남,아산시,선장면 군덕리,,47975
336-891,충남,아산시,선장면 궁평리,,47976
336-892,충남,아산시,선장면 대정리,,47977
336-891,충남,아산시,선장면 대흥리,,47978
336-892,충남,아산시,선장면 돈포리,,47979
336-893,충남,아산시,선장면 선창리,,47980
336-892,충남,아산시,선장면 신덕리,,47981
336-893,충남,아산시,선장면 신동리,,47982
336-891,충남,아산시,선장면 신문리,,47983
336-893,충남,아산시,선장면 신성리,,47984
336-892,충남,아산시,선장면 장곳리,,47985
336-893,충남,아산시,선장면 죽산리,,47986
336-891,충남,아산시,선장면 홍곳리,,47987
336-890,충남,아산시,선장면,,47988
336-921,충남,아산시,송악면 강당리,,47989
336-922,충남,아산시,송악면 강장리,,47990
336-923,충남,아산시,송악면 거산리,,47991
336-923,충남,아산시,송악면 궁평리,,47992
336-922,충남,아산시,송악면 동화리,,47993
336-921,충남,아산시,송악면 마곡리,,47994
336-923,충남,아산시,송악면 송학리,,47995
336-922,충남,아산시,송악면 수곡리,,47996
336-922,충남,아산시,송악면 역촌리,,47997
336-921,충남,아산시,송악면 외암리,,47998
336-923,충남,아산시,송악면 유곡리,,47999
336-923,충남,아산시,송악면 종곡리,,48000
336-922,충남,아산시,송악면 평촌리,,48001
336-920,충남,아산시,송악면,,48002
336-881,충남,아산시,신창면 가내리,,48003
336-882,충남,아산시,신창면 가덕리,,48004
336-881,충남,아산시,신창면 궁화리,,48005
336-783,충남,아산시,신창면 남성6리 신일유토빌아파트,(101∼104동),48006
336-775,충남,아산시,신창면 남성7리 샘마을아파트,(101∼107동),48007
336-774,충남,아산시,신창면 남성8리 상아아파트,(101∼105동),48008
336-735,충남,아산시,신창면 남성12리 주공소화마을아파트,(101∼110동),48009
336-728,충남,아산시,신창면 남성13리 코아루에듀파크아파트,(101∼111동),48010
336-882,충남,아산시,신창면 남성1리,,48011
336-714,충남,아산시,신창면 남성2리 아산코아루아파트,(101∼106동),48012
336-882,충남,아산시,신창면 남성2리,,48013
336-883,충남,아산시,신창면 남성3리,,48014
336-716,충남,아산시,신창면 남성4리 아산장미아파트,(1∼8동),48015
336-883,충남,아산시,신창면 남성4리,,48016
336-882,충남,아산시,신창면 남성리,,48017
336-884,충남,아산시,신창면 수장리,,48018
336-881,충남,아산시,신창면 신곡리,,48019
336-882,충남,아산시,신창면 신달리,,48020
336-885,충남,아산시,신창면 오목리,,48021
336-778,충남,아산시,신창면 읍내리 경희학성아파트,(101∼109동),48022
336-745,충남,아산시,신창면 읍내리 순천향대학교,,48023
336-885,충남,아산시,신창면 읍내리,,48024
336-883,충남,아산시,신창면 창암리,,48025
336-782,충남,아산시,신창면 행목리 대주아파트,(101∼107동),48026
336-732,충남,아산시,신창면 행목리 아산친오애아파트,(101∼108동),48027
336-781,충남,아산시,신창면 행목리 한국폴리텍Ⅳ대학아산캠퍼스,,48028
336-884,충남,아산시,신창면 행목리,,48029
336-883,충남,아산시,신창면 황산리,,48030
336-880,충남,아산시,신창면,,48031
336-821,충남,아산시,영인면 구성리,,48032
336-821,충남,아산시,영인면 백석포리,,48033
336-821,충남,아산시,영인면 상성리,,48034
336-822,충남,아산시,영인면 성내리,,48035
336-822,충남,아산시,영인면 신봉리,,48036
336-823,충남,아산시,영인면 신운리,,48037
336-821,충남,아산시,영인면 신현리,,48038
336-824,충남,아산시,영인면 신화리,,48039
336-823,충남,아산시,영인면 아산리,,48040
336-822,충남,아산시,영인면 역리,,48041
336-824,충남,아산시,영인면 와우리,,48042
336-821,충남,아산시,영인면 월선리,,48043
336-822,충남,아산시,영인면 창용리,,48044
336-820,충남,아산시,영인면,,48045
336-719,충남,아산시,음봉면 덕지리 더샵레이크사이드아파트,(101∼124동),48046
336-780,충남,아산시,음봉면 덕지리 초원아파트,(101∼105동),48047
336-861,충남,아산시,음봉면 덕지리,,48048
336-861,충남,아산시,음봉면 동암리,,48049
336-862,충남,아산시,음봉면 동천리,,48050
336-779,충남,아산시,음봉면 산동리 삼일원앙아파트,(101∼111동),48051
336-863,충남,아산시,음봉면 산동리,,48052
336-862,충남,아산시,음봉면 산정리,,48053
336-864,충남,아산시,음봉면 삼거리,,48054
336-864,충남,아산시,음봉면 소동리,,48055
336-861,충남,아산시,음봉면 송촌리,,48056
336-862,충남,아산시,음봉면 신수리,,48057
336-864,충남,아산시,음봉면 신정리,,48058
336-865,충남,아산시,음봉면 신휴리,,48059
336-865,충남,아산시,음봉면 쌍룡리,,48060
336-865,충남,아산시,음봉면 쌍암리,,48061
336-864,충남,아산시,음봉면 원남리,,48062
336-863,충남,아산시,음봉면 월랑리,,48063
336-865,충남,아산시,음봉면 의식리,,48064
336-860,충남,아산시,음봉면,,48065
336-748,충남,아산시,인주면 걸매리 인주지방산업단지,,48066
336-730,충남,아산시,인주면 해암리 미진무지개아파트,(101∼104동),48067
336-707,충남,아산시,인주면 현대자동차아산공장,,48068
336-831,충남,아산시,인주면 걸매리,,48069
336-832,충남,아산시,인주면 공세리,,48070
336-833,충남,아산시,인주면 관암리,,48071
336-834,충남,아산시,인주면 금성리,,48072
336-831,충남,아산시,인주면 냉정리,,48073
336-834,충남,아산시,인주면 대음리,,48074
336-833,충남,아산시,인주면 도흥리,,48075
336-832,충남,아산시,인주면 모원리,,48076
336-834,충남,아산시,인주면 문방리,,48077
336-831,충남,아산시,인주면 밀두리,,48078
336-832,충남,아산시,인주면 신성리,,48079
336-833,충남,아산시,인주면 해암리,,48080
336-830,충남,아산시,인주면,,48081
336-708,충남,아산시,탕정면 갈산리 선문대학교,,48082
336-741,충남,아산시,탕정면 명암리 삼성디스플레이(주)아산캠퍼스,,48083
336-725,충남,아산시,탕정면 명암리 삼성코닝정밀유리,,48084
336-727,충남,아산시,탕정면 명암리 탕정삼성트라팰리스아파트,(101∼104동),48085
336-727,충남,아산시,탕정면 명암리 탕정삼성트라팰리스아파트,(201∼204동),48086
336-727,충남,아산시,탕정면 명암리 탕정삼성트라팰리스아파트,(301∼304동),48087
336-789,충남,아산시,탕정면 삼성크리스탈기숙사,,48088
336-718,충남,아산시,탕정면 호산5리 홍익아파트,(101∼108동),48089
336-841,충남,아산시,탕정면 갈산리,,48090
336-842,충남,아산시,탕정면 동산리,,48091
336-843,충남,아산시,탕정면 매곡리,,48092
336-841,충남,아산시,탕정면 명암1리,,48093
336-841,충남,아산시,탕정면 명암2리,,48094
336-842,충남,아산시,탕정면 명암3리,,48095
336-842,충남,아산시,탕정면 명암4리,,48096
336-841,충남,아산시,탕정면 명암리,,48097
336-841,충남,아산시,탕정면 용두리,,48098
336-843,충남,아산시,탕정면 호산1리,,48099
336-843,충남,아산시,탕정면 호산2리,,48100
336-842,충남,아산시,탕정면 호산3리,,48101
336-842,충남,아산시,탕정면 호산4리,,48102
336-844,충남,아산시,탕정면 호산5리,,48103
336-843,충남,아산시,탕정면 호산리,,48104
336-840,충남,아산시,탕정면,,48105
336-600,충남,아산시,아산우체국사서함,,48106
330-080,충남,천안시 동남구,구룡동,,48107
330-746,충남,천안시 동남구,구성동 신성미소지움아파트,(101∼112동),48108
330-986,충남,천안시 동남구,구성동,1∼399,48109
330-987,충남,천안시 동남구,구성동,400∼460,48110
330-988,충남,천안시 동남구,구성동,461∼530,48111
330-060,충남,천안시 동남구,구성동,,48112
330-733,충남,천안시 동남구,다가동 주공4단지아파트,(101∼121동),48113
330-110,충남,천안시 동남구,다가동,,48114
330-010,충남,천안시 동남구,대흥동,,48115
330-700,충남,천안시 동남구,문화동 동남구청,,48116
330-020,충남,천안시 동남구,문화동,,48117
330-721,충남,천안시 동남구,봉명동 순천향대학교천안병원,,48118
330-793,충남,천안시 동남구,봉명동 청솔3차아파트,(301∼309동),48119
330-930,충남,천안시 동남구,봉명동,1∼42,48120
330-931,충남,천안시 동남구,봉명동,43∼205,48121
330-930,충남,천안시 동남구,봉명동,206∼500,48122
330-100,충남,천안시 동남구,봉명동,,48123
330-040,충남,천안시 동남구,사직동,,48124
330-719,충남,천안시 동남구,삼룡동 선문대학교천안캠퍼스,,48125
330-150,충남,천안시 동남구,삼룡동,,48126
330-725,충남,천안시 동남구,성황동 KT천안지사,,48127
330-130,충남,천안시 동남구,성황동,,48128
330-771,충남,천안시 동남구,신방동 두레현대아파트,(101∼206동),48129
330-767,충남,천안시 동남구,신방동 성지새말아파트,(101∼208동),48130
330-766,충남,천안시 동남구,신방동 신동아아파트,(101∼104동),48131
330-765,충남,천안시 동남구,신방동 신방푸르지오아파트,(101∼106동),48132
330-777,충남,천안시 동남구,신방동 신방한라비발디아파트,(101∼113동),48133
330-791,충남,천안시 동남구,신방동 신방한성필하우스아파트,(101∼118동),48134
330-770,충남,천안시 동남구,신방동 초원아파트,(101∼116동),48135
330-768,충남,천안시 동남구,신방동 한라동백2차아파트,(101∼108동),48136
330-769,충남,천안시 동남구,신방동 향촌현대아파트,(301∼308동),48137
330-938,충남,천안시 동남구,신방동,1∼99,48138
330-939,충남,천안시 동남구,신방동,100∼700,48139
330-940,충남,천안시 동남구,신방동,701∼1600,48140
330-260,충남,천안시 동남구,신방동,,48141
330-795,충남,천안시 동남구,신부동 경남아너스빌아파트,(101∼104동),48142
330-716,충남,천안시 동남구,신부동 단국대학교치과대학,,48143
330-773,충남,천안시 동남구,신부동 대림아파트,(101∼305동),48144
330-711,충남,천안시 동남구,신부동 대전지방검찰청천안지청,,48145
330-712,충남,천안시 동남구,신부동 대전지방법원천안지원,,48146
330-772,충남,천안시 동남구,신부동 동아아파트,(101∼109동),48147
330-780,충남,천안시 동남구,신부동 방죽안휴먼시아아파트,(101∼106동),48148
330-727,충남,천안시 동남구,신부동 삼성생명빌딩,,48149
330-730,충남,천안시 동남구,신부동 신세계백화점충청점,,48150
330-730,충남,천안시 동남구,신부동 (주)아라리오,,48151
330-794,충남,천안시 동남구,신부동 우방아파트,(101∼107동),48152
330-763,충남,천안시 동남구,신부동 우방유쉘아파트,(101∼301동),48153
330-774,충남,천안시 동남구,신부동 주공2단지아파트,(201∼249동),48154
330-728,충남,천안시 동남구,신부동 한화생명빌딩,,48155
330-941,충남,천안시 동남구,신부동,1∼57,48156
330-989,충남,천안시 동남구,신부동,58∼61,48157
330-990,충남,천안시 동남구,신부동,62∼99,48158
330-991,충남,천안시 동남구,신부동,100∼200,48159
330-992,충남,천안시 동남구,신부동,201∼250,48160
330-942,충남,천안시 동남구,신부동,251∼366,48161
330-993,충남,천안시 동남구,신부동,367∼466,48162
330-943,충남,천안시 동남구,신부동,467∼541,48163
330-994,충남,천안시 동남구,신부동,542∼600,48164
330-944,충남,천안시 동남구,신부동,601∼1500,48165
330-160,충남,천안시 동남구,신부동,,48166
330-900,충남,천안시 동남구,쌍용동,548∼564,48167
330-838,충남,천안시 동남구,안서동 고운여의주아파트,(101∼103동),48168
330-715,충남,천안시 동남구,안서동 단국대학교의과대학부속병원,,48169
330-714,충남,천안시 동남구,안서동 단국대학교천안캠퍼스,,48170
330-838,충남,천안시 동남구,안서동 대림e-편한세상아파트,(101∼201동),48171
330-704,충남,천안시 동남구,안서동 백석대학교,,48172
330-705,충남,천안시 동남구,안서동 백석문화대학교,,48173
330-838,충남,천안시 동남구,안서동 부경파크빌2차아파트,(101∼109동),48174
330-720,충남,천안시 동남구,안서동 상명대학교천안캠퍼스,,48175
330-778,충남,천안시 동남구,안서동 안서금호어울림아파트,(101∼105동),48176
330-713,충남,천안시 동남구,안서동 호서대학교천안캠퍼스,,48177
330-995,충남,천안시 동남구,안서동,1∼130,48178
330-996,충남,천안시 동남구,안서동,131∼290,48179
330-997,충남,천안시 동남구,안서동,291∼542,48180
330-180,충남,천안시 동남구,안서동,,48181
330-050,충남,천안시 동남구,영성동,,48182
330-030,충남,천안시 동남구,오룡동,,48183
330-809,충남,천안시 동남구,용곡동 동일하이빌아파트,(101∼204동),48184
330-854,충남,천안시 동남구,용곡동 용곡1차세광엔리치타워아파트,(101∼111동),48185
330-873,충남,천안시 동남구,용곡동 용곡마을세광2차엔리치타워아파트,(201∼215동),48186
330-779,충남,천안시 동남구,용곡동 용곡우림필유아파트,(101∼108동),48187
330-781,충남,천안시 동남구,용곡동 용곡한라비발디아파트,(101∼120동),48188
330-764,충남,천안시 동남구,용곡동 현대아이파크아파트,(101∼107동),48189
330-250,충남,천안시 동남구,용곡동,,48190
330-951,충남,천안시 동남구,원성1동,1∼120,48191
330-951,충남,천안시 동남구,원성1동,129∼200,48192
330-952,충남,천안시 동남구,원성1동,201∼283,48193
330-952,충남,천안시 동남구,원성1동,307∼349,48194
330-952,충남,천안시 동남구,원성1동,399∼400,48195
330-952,충남,천안시 동남구,원성1동,433∼509,48196
330-071,충남,천안시 동남구,원성1동,,48197
330-953,충남,천안시 동남구,원성2동,121∼128,48198
330-954,충남,천안시 동남구,원성2동,510∼1000,48199
330-953,충남,천안시 동남구,원성2동,284∼306,48200
330-953,충남,천안시 동남구,원성2동,350∼398,48201
330-953,충남,천안시 동남구,원성2동,401∼429,48202
330-953,충남,천안시 동남구,원성2동,431∼432,48203
330-072,충남,천안시 동남구,원성2동,,48204
330-070,충남,천안시 동남구,원성동,,48205
330-710,충남,천안시 동남구,유량동 지식경제공무원교육원,,48206
330-140,충남,천안시 동남구,유량동,,48207
330-722,충남,천안시 동남구,청당동 국민건강보험공단천안지사,,48208
330-747,충남,천안시 동남구,청당동 국민연금공단천안지사,,48209
330-270,충남,천안시 동남구,청당동 동천안우체국,,48210
330-702,충남,천안시 동남구,청당동 천안동남경찰서,,48211
330-703,충남,천안시 동남구,청당동 천안세무서,,48212
330-849,충남,천안시 동남구,청당동 청당마을신도브래뉴아파트,(101∼111동),48213
330-875,충남,천안시 동남구,청당동 청당벽산블루밍아파트,(101∼117동),48214
330-792,충남,천안시 동남구,청당동 청당산운마을5단지아파트,(501∼508동),48215
330-754,충남,천안시 동남구,청당동 청당우미린아파트,(301∼311동),48216
330-790,충남,천안시 동남구,청당동 청수2단지주공버들마을아파트,(201∼209동),48217
330-792,충남,천안시 동남구,청당동 청수부영아파트,(701∼707동),48218
330-792,충남,천안시 동남구,청당동 청수중흥S-클래스아파트,(601∼608동),48219
330-754,충남,천안시 동남구,청당동 청수한양수자인,(401∼415동),48220
330-270,충남,천안시 동남구,청당동,,48221
330-775,충남,천안시 동남구,청수동 극동1차아파트,(101∼107동),48222
330-775,충남,천안시 동남구,청수동 극동2차아파트,(201∼206동),48223
330-797,충남,천안시 동남구,청수동 청솔LG아파트,(106∼116동),48224
330-797,충남,천안시 동남구,청수동 청솔SK아파트,(101∼105동),48225
330-745,충남,천안시 동남구,청수동 청수현대아파트,(101∼105동),48226
330-190,충남,천안시 동남구,청수동,,48227
330-741,충남,천안시 동남구,목천읍 삼성리 부영아파트,(101∼211동),48228
330-742,충남,천안시 동남구,목천읍 신계리 동우아파트,(101∼113동),48229
330-868,충남,천안시 동남구,목천읍 신계리 신도브래뉴1차아파트,(101∼109동),48230
330-869,충남,천안시 동남구,목천읍 신계리 신도브래뉴2차아파트,(201∼217동),48231
330-743,충남,천안시 동남구,목천읍 신계리 이수프라임아파트,(101∼108동),48232
330-841,충남,천안시 동남구,목천읍 교천리,,48233
330-842,충남,천안시 동남구,목천읍 교촌리,,48234
330-843,충남,천안시 동남구,목천읍 남화리,,48235
330-842,충남,천안시 동남구,목천읍 덕전리,,48236
330-844,충남,천안시 동남구,목천읍 도장리,,48237
330-842,충남,천안시 동남구,목천읍 동리,,48238
330-843,충남,천안시 동남구,목천읍 동평리,,48239
330-845,충남,천안시 동남구,목천읍 삼성리,,48240
330-843,충남,천안시 동남구,목천읍 서리,,48241
330-842,충남,천안시 동남구,목천읍 서흥리,,48242
330-842,충남,천안시 동남구,목천읍 석천리,,48243
330-844,충남,천안시 동남구,목천읍 소사리,,48244
330-842,충남,천안시 동남구,목천읍 송전리,,48245
330-846,충남,천안시 동남구,목천읍 신계리,,48246
330-843,충남,천안시 동남구,목천읍 운전리,,48247
330-847,충남,천안시 동남구,목천읍 응원리,,48248
330-841,충남,천안시 동남구,목천읍 지산리,,48249
330-841,충남,천안시 동남구,목천읍 천정리,,48250
330-840,충남,천안시 동남구,목천읍,,48251
330-921,충남,천안시 동남구,광덕면 광덕리,,48252
330-921,충남,천안시 동남구,광덕면 대덕리,,48253
330-922,충남,천안시 동남구,광덕면 대평리,,48254
330-923,충남,천안시 동남구,광덕면 매당리,,48255
330-922,충남,천안시 동남구,광덕면 무학리,,48256
330-921,충남,천안시 동남구,광덕면 보산원리,,48257
330-922,충남,천안시 동남구,광덕면 신덕리,,48258
330-923,충남,천안시 동남구,광덕면 신흥리,,48259
330-922,충남,천안시 동남구,광덕면 원덕리,,48260
330-923,충남,천안시 동남구,광덕면 지장리,,48261
330-922,충남,천안시 동남구,광덕면 행정리,,48262
330-920,충남,천안시 동남구,광덕면,,48263
330-871,충남,천안시 동남구,동면 광덕리,,48264
330-871,충남,천안시 동남구,동면 구도리,,48265
330-871,충남,천안시 동남구,동면 덕성리,,48266
330-871,충남,천안시 동남구,동면 동산리,,48267
330-872,충남,천안시 동남구,동면 송연리,,48268
330-872,충남,천안시 동남구,동면 수남리,,48269
330-872,충남,천안시 동남구,동면 장송리,,48270
330-872,충남,천안시 동남구,동면 죽계리,,48271
330-871,충남,천안시 동남구,동면 행암리,,48272
330-871,충남,천안시 동남구,동면 화계리,,48273
330-872,충남,천안시 동남구,동면 화덕리,,48274
330-870,충남,천안시 동남구,동면,,48275
330-708,충남,천안시 동남구,병천면 가전리 한국기술교육대학교,,48276
330-861,충남,천안시 동남구,병천면 가전리,,48277
330-862,충남,천안시 동남구,병천면 관성리,,48278
330-862,충남,천안시 동남구,병천면 도원리,,48279
330-862,충남,천안시 동남구,병천면 매성리,,48280
330-861,충남,천안시 동남구,병천면 병천리,,48281
330-862,충남,천안시 동남구,병천면 봉항리,,48282
330-863,충남,천안시 동남구,병천면 송정리,,48283
330-863,충남,천안시 동남구,병천면 용두리,,48284
330-863,충남,천안시 동남구,병천면 탑원리,,48285
330-860,충남,천안시 동남구,병천면,,48286
330-744,충남,천안시 동남구,북면 상동리 중앙아파트,(101∼105동),48287
330-851,충남,천안시 동남구,북면 납안리,,48288
330-851,충남,천안시 동남구,북면 대평리,,48289
330-852,충남,천안시 동남구,북면 매송리,,48290
330-852,충남,천안시 동남구,북면 명덕리,,48291
330-852,충남,천안시 동남구,북면 사담리,,48292
330-853,충남,천안시 동남구,북면 상동리,,48293
330-851,충남,천안시 동남구,북면 양곡리,,48294
330-853,충남,천안시 동남구,북면 연춘리,,48295
330-852,충남,천안시 동남구,북면 오곡리,,48296
330-852,충남,천안시 동남구,북면 용암리,,48297
330-851,충남,천안시 동남구,북면 운용리,,48298
330-853,충남,천안시 동남구,북면 은지리,,48299
330-851,충남,천안시 동남구,북면 전곡리,,48300
330-850,충남,천안시 동남구,북면,,48301
330-891,충남,천안시 동남구,성남면 대정리,,48302
330-892,충남,천안시 동남구,성남면 대화리,,48303
330-893,충남,천안시 동남구,성남면 대흥리,,48304
330-893,충남,천안시 동남구,성남면 봉양리,,48305
330-891,충남,천안시 동남구,성남면 석곡리,,48306
330-893,충남,천안시 동남구,성남면 신덕리,,48307
330-892,충남,천안시 동남구,성남면 신사리,,48308
330-891,충남,천안시 동남구,성남면 용원리,,48309
330-892,충남,천안시 동남구,성남면 화성리,,48310
330-890,충남,천안시 동남구,성남면,,48311
330-881,충남,천안시 동남구,수신면 발산리,,48312
330-881,충남,천안시 동남구,수신면 백자리,,48313
330-882,충남,천안시 동남구,수신면 속창리,,48314
330-882,충남,천안시 동남구,수신면 신풍리,,48315
330-882,충남,천안시 동남구,수신면 장산리,,48316
330-881,충남,천안시 동남구,수신면 해정리,,48317
330-880,충남,천안시 동남구,수신면,,48318
330-911,충남,천안시 동남구,풍세면 가송리,,48319
330-911,충남,천안시 동남구,풍세면 남관리,,48320
330-911,충남,천안시 동남구,풍세면 두남리,,48321
330-911,충남,천안시 동남구,풍세면 미죽리,,48322
330-912,충남,천안시 동남구,풍세면 보성리,,48323
330-912,충남,천안시 동남구,풍세면 삼태리,,48324
330-912,충남,천안시 동남구,풍세면 용정리,,48325
330-913,충남,천안시 동남구,풍세면 풍서리,,48326
330-910,충남,천안시 동남구,풍세면,,48327
331-829,충남,천안시 서북구,두정동 경남아너스빌아파트,(101∼106동),48328
331-864,충남,천안시 서북구,두정동 계룡리슈빌아파트,(101∼104동),48329
331-754,충남,천안시 서북구,두정동 극동늘푸른아파트,(101∼113동),48330
331-755,충남,천안시 서북구,두정동 대우1차아파트,(101∼110동),48331
331-755,충남,천안시 서북구,두정동 대우2차아파트,(201∼205동),48332
331-828,충남,천안시 서북구,두정동 대우푸르지오아파트,(301∼506동),48333
331-829,충남,천안시 서북구,두정동 두정e-편한세상아파트,(101∼109동),48334
331-888,충남,천안시 서북구,두정동 두정역푸르지오아파트,(101∼112동),48335
331-837,충남,천안시 서북구,두정동 부경아파트,(101∼102동),48336
331-837,충남,천안시 서북구,두정동 서해그랑블아파트,(101∼104동),48337
331-799,충남,천안시 서북구,두정동 세광2차아파트,(201∼205동),48338
331-799,충남,천안시 서북구,두정동 세광3차아파트,(301∼306동),48339
331-779,충남,천안시 서북구,두정동 우남아파트,(101∼202동),48340
331-776,충남,천안시 서북구,두정동 우성아파트,(101∼109동),48341
331-797,충남,천안시 서북구,두정동 이안더센트럴아파트,(101∼109동),48342
331-753,충남,천안시 서북구,두정동 주공8단지아파트,(101∼108동),48343
331-798,충남,천안시 서북구,두정동 한성3차필하우스아파트,(101∼113동),48344
331-780,충남,천안시 서북구,두정동 한성아파트,(101∼106동),48345
331-957,충남,천안시 서북구,두정동,1∼500,48346
331-958,충남,천안시 서북구,두정동,501∼802,48347
331-959,충남,천안시 서북구,두정동,803∼945,48348
331-960,충남,천안시 서북구,두정동,946∼1077,48349
331-961,충남,천안시 서북구,두정동,1078∼1278,48350
331-962,충남,천안시 서북구,두정동,1279∼1597,48351
331-963,충남,천안시 서북구,두정동,1598∼1799,48352
331-964,충남,천안시 서북구,두정동,1800∼2100,48353
331-210,충남,천안시 서북구,두정동,,48354
331-795,충남,천안시 서북구,백석동 백석계룡리슈빌아파트,(101∼114동),48355
331-787,충남,천안시 서북구,백석동 백석그린빌2차아파트,(201∼210동),48356
331-794,충남,천안시 서북구,백석동 백석푸르지오아파트,(101∼109동),48357
331-793,충남,천안시 서북구,백석동 백석마을아이파크아파트,(101∼116동),48358
331-790,충남,천안시 서북구,백석동 백석현대아파트,(101∼113동),48359
331-819,충남,천안시 서북구,백석동 벽산블루밍1차아파트,(101∼106동),48360
331-819,충남,천안시 서북구,백석동 벽산블루밍2차아파트,(201∼204동),48361
331-818,충남,천안시 서북구,백석동 브라운스톤아파트,(101∼114동),48362
331-786,충남,천안시 서북구,백석동 주공그린빌11단지1차아파트,(101∼107동),48363
331-788,충남,천안시 서북구,백석동 주공그린빌11단지3차아파트,(301∼314동),48364
331-003,충남,천안시 서북구,백석동 천안우편집중국,,48365
331-839,충남,천안시 서북구,백석동 호반리젠시빌아파트,(101∼117동),48366
331-979,충남,천안시 서북구,백석동,1∼699,48367
331-980,충남,천안시 서북구,백석동,700∼903,48368
331-220,충남,천안시 서북구,백석동,,48369
331-717,충남,천안시 서북구,부대동 공주대학교천안공과대학,,48370
331-240,충남,천안시 서북구,부대동,,48371
331-729,충남,천안시 서북구,불당동 갤러리아백화점,,48372
331-734,충남,천안시 서북구,불당동 대동아파트,(101∼113동),48373
331-737,충남,천안시 서북구,불당동 대원칸타빌아파트,(601∼614동),48374
331-739,충남,천안시 서북구,불당동 동일2차아파트,(201∼209동),48375
331-740,충남,천안시 서북구,불당동 동일3차아파트,(301∼312동),48376
331-741,충남,천안시 서북구,불당동 불당한화꿈에그린아파트,(101∼106동),48377
331-701,충남,천안시 서북구,불당동 천안시청,,48378
331-728,충남,천안시 서북구,불당동 펜타포트아파트,(101∼103동),48379
331-736,충남,천안시 서북구,불당동 한성아파트,(701∼706동),48380
331-735,충남,천안시 서북구,불당동 현대아이파크아파트,(101∼115동),48381
331-738,충남,천안시 서북구,불당동 호반리젠시빌아파트,(101∼110동),48382
331-981,충남,천안시 서북구,불당동,1∼689,48383
331-982,충남,천안시 서북구,불당동,690∼798,48384
331-983,충남,천안시 서북구,불당동,799∼870,48385
331-984,충남,천안시 서북구,불당동,871∼1299,48386
331-985,충남,천안시 서북구,불당동,1300∼1400,48387
331-230,충남,천안시 서북구,불당동,,48388
331-710,충남,천안시 서북구,성성동 삼성디스플레이(주)천안캠퍼스,,48389
331-300,충남,천안시 서북구,성성동,,48390
331-723,충남,천안시 서북구,성정1동 주공5단지아파트,(101∼125동),48391
331-932,충남,천안시 서북구,성정1동,1,48392
331-967,충남,천안시 서북구,성정1동,88∼101,48393
331-998,충남,천안시 서북구,성정1동,108∼196,48394
331-999,충남,천안시 서북구,성정1동,197∼245,48395
331-933,충남,천안시 서북구,성정1동,300∼304,48396
331-933,충남,천안시 서북구,성정1동,307∼329,48397
331-933,충남,천안시 서북구,성정1동,607∼609,48398
331-934,충남,천안시 서북구,성정1동,693∼695,48399
331-968,충남,천안시 서북구,성정1동,696∼722,48400
331-969,충남,천안시 서북구,성정1동,723∼780,48401
331-970,충남,천안시 서북구,성정1동,970∼1099,48402
331-171,충남,천안시 서북구,성정1동,,48403
331-765,충남,천안시 서북구,성정2동 대우목화아파트,(1∼17동),48404
331-778,충남,천안시 서북구,성정2동 선경아파트,(1∼4동),48405
331-764,충남,천안시 서북구,성정2동 주공6단지아파트,(101∼311동),48406
331-777,충남,천안시 서북구,성정2동 현대아파트,(101∼107동),48407
331-935,충남,천안시 서북구,성정2동,2∼87,48408
331-935,충남,천안시 서북구,성정2동,102∼107,48409
331-935,충남,천안시 서북구,성정2동,284,48410
331-935,충남,천안시 서북구,성정2동,291∼299,48411
331-935,충남,천안시 서북구,성정2동,305∼306,48412
331-971,충남,천안시 서북구,성정2동,333∼347,48413
331-936,충남,천안시 서북구,성정2동,537∼606,48414
331-936,충남,천안시 서북구,성정2동,610∼633,48415
331-972,충남,천안시 서북구,성정2동,634∼639,48416
331-973,충남,천안시 서북구,성정2동,640∼655,48417
331-974,충남,천안시 서북구,성정2동,656∼670,48418
331-975,충남,천안시 서북구,성정2동,671∼679,48419
331-976,충남,천안시 서북구,성정2동,680∼692,48420
331-977,충남,천안시 서북구,성정2동,785∼969,48421
331-937,충남,천안시 서북구,성정2동,1100∼1269,48422
331-978,충남,천안시 서북구,성정2동,1270∼2000,48423
331-172,충남,천안시 서북구,성정2동,,48424
331-170,충남,천안시 서북구,성정동 천안우체국,,48425
331-170,충남,천안시 서북구,성정동,,48426
331-703,충남,천안시 서북구,신당동 천안개방교도소,,48427
331-280,충남,천안시 서북구,신당동,,48428
331-757,충남,천안시 서북구,쌍용1동 광명아파트,(101∼108동),48429
331-756,충남,천안시 서북구,쌍용1동 대우타워아파트,(101∼108동),48430
331-796,충남,천안시 서북구,쌍용1동 일성아파트,(101∼201동),48431
331-945,충남,천안시 서북구,쌍용1동,1∼350,48432
331-946,충남,천안시 서북구,쌍용1동,351∼500,48433
331-949,충남,천안시 서북구,쌍용1동,801∼1100,48434
331-950,충남,천안시 서북구,쌍용1동,1101∼1299,48435
331-091,충남,천안시 서북구,쌍용1동,,48436
331-759,충남,천안시 서북구,쌍용2동 계룡푸른마을아파트,(101∼104동),48437
331-718,충남,천안시 서북구,쌍용2동 나사렛대학교,,48438
331-760,충남,천안시 서북구,쌍용2동 선경해누리아파트,(101∼111동),48439
331-866,충남,천안시 서북구,쌍용2동 쌍용동일하이빌아파트,(101∼109동),48440
331-865,충남,천안시 서북구,쌍용2동 쌍용자이아파트,(101∼110동),48441
331-781,충남,천안시 서북구,쌍용2동 월봉대우아파트,(101∼105동),48442
331-782,충남,천안시 서북구,쌍용2동 월봉벽산태영아파트,(101∼206동),48443
331-784,충남,천안시 서북구,쌍용2동 월봉일성아파트,(501∼512동),48444
331-726,충남,천안시 서북구,쌍용2동 월봉현대아파트,(501∼503동),48445
331-758,충남,천안시 서북구,쌍용2동 일성3차아파트,(301∼309동),48446
331-791,충남,천안시 서북구,쌍용2동 청솔1차아파트,(101∼108동),48447
331-792,충남,천안시 서북구,쌍용2동 청솔2차아파트,(201∼209동),48448
331-785,충남,천안시 서북구,쌍용2동 한라동백아파트,(101∼107동),48449
331-731,충남,천안시 서북구,쌍용2동 현대4차아파트,(401∼404동),48450
331-732,충남,천안시 서북구,쌍용2동 현대아이파크홈타운아파트,(101∼204동),48451
331-947,충남,천안시 서북구,쌍용2동,501∼547,48452
331-966,충남,천안시 서북구,쌍용2동,565∼700,48453
331-948,충남,천안시 서북구,쌍용2동,701∼800,48454
331-955,충남,천안시 서북구,쌍용2동,1401∼1900,48455
331-965,충남,천안시 서북구,쌍용2동,2031∼2099,48456
331-092,충남,천안시 서북구,쌍용2동,,48457
331-762,충남,천안시 서북구,쌍용3동 라이프타운아파트,(101∼108동),48458
331-783,충남,천안시 서북구,쌍용3동 쌍용마을뜨란채아파트,(501∼516동),48459
331-789,충남,천안시 서북구,쌍용3동 용암마을아파트,(101∼111동),48460
331-761,충남,천안시 서북구,쌍용3동 주공7단지아파트,(101∼309동),48461
331-763,충남,천안시 서북구,쌍용3동 주공9단지아파트,(401∼417동),48462
331-767,충남,천안시 서북구,쌍용3동 파크밸리동일하이빌아파트,(101∼125동),48463
331-956,충남,천안시 서북구,쌍용3동,1300∼1400,48464
331-956,충남,천안시 서북구,쌍용3동,1901∼2030,48465
331-956,충남,천안시 서북구,쌍용3동,2100,48466
331-093,충남,천안시 서북구,쌍용3동,,48467
331-090,충남,천안시 서북구,쌍용동,,48468
331-702,충남,천안시 서북구,업성동 천안서북경찰서,,48469
331-290,충남,천안시 서북구,업성동,,48470
331-724,충남,천안시 서북구,와촌동 신동아파밀리에아파트,(101∼111동),48471
331-120,충남,천안시 서북구,와촌동,,48472
331-200,충남,천안시 서북구,차암동,,48473
331-855,충남,천안시 서북구,성거읍 신월리 삼환나우빌아파트,(101∼110동),48474
331-856,충남,천안시 서북구,성거읍 신월리 성거벽산아파트,(101∼111동),48475
331-706,충남,천안시 서북구,성거읍 신월리 천안교도소,,48476
331-747,충남,천안시 서북구,성거읍 저리 삼일아파트,(101∼105동),48477
331-831,충남,천안시 서북구,성거읍 모전리,,48478
331-832,충남,천안시 서북구,성거읍 문덕리,,48479
331-833,충남,천안시 서북구,성거읍 삼곡리,,48480
331-834,충남,천안시 서북구,성거읍 석교리,,48481
331-835,충남,천안시 서북구,성거읍 소우리,,48482
331-834,충남,천안시 서북구,성거읍 송남리,,48483
331-835,충남,천안시 서북구,성거읍 신월리,,48484
331-700,충남,천안시 서북구,성거읍 신월리 서북구청,,48485
331-831,충남,천안시 서북구,성거읍 오목리,,48486
331-831,충남,천안시 서북구,성거읍 오색당리,,48487
331-834,충남,천안시 서북구,성거읍 요방리,,48488
331-836,충남,천안시 서북구,성거읍 저리,,48489
331-833,충남,천안시 서북구,성거읍 정촌리,,48490
331-836,충남,천안시 서북구,성거읍 천흥리,,48491
331-830,충남,천안시 서북구,성거읍,,48492
331-707,충남,천안시 서북구,성환읍 남서울대학교,,48493
331-751,충남,천안시 서북구,성환읍 매주리 부영아파트,(101∼303동),48494
331-746,충남,천안시 서북구,성환읍 매주리 천안성환e-편한세상아파트,(101∼106동),48495
331-709,충남,천안시 서북구,성환읍 수향리 천안연암대학,,48496
331-750,충남,천안시 서북구,성환읍 율금리 두진그린힐아파트,(101∼108동),48497
331-801,충남,천안시 서북구,성환읍 대홍리,,48498
331-802,충남,천안시 서북구,성환읍 도하리,,48499
331-803,충남,천안시 서북구,성환읍 매주리,,48500
331-801,충남,천안시 서북구,성환읍 복모리,,48501
331-804,충남,천안시 서북구,성환읍 성월리,,48502
331-805,충남,천안시 서북구,성환읍 성환리,,48503
331-807,충남,천안시 서북구,성환읍 송덕리,,48504
331-802,충남,천안시 서북구,성환읍 수향리,,48505
331-801,충남,천안시 서북구,성환읍 신가리,,48506
331-808,충남,천안시 서북구,성환읍 신방리,,48507
331-801,충남,천안시 서북구,성환읍 안궁리,,48508
331-802,충남,천안시 서북구,성환읍 양령리,,48509
331-801,충남,천안시 서북구,성환읍 어룡리,,48510
331-808,충남,천안시 서북구,성환읍 와룡리,,48511
331-808,충남,천안시 서북구,성환읍 왕림리,,48512
331-808,충남,천안시 서북구,성환읍 우신리,,48513
331-807,충남,천안시 서북구,성환읍 율금리,,48514
331-802,충남,천안시 서북구,성환읍 학정리,,48515
331-800,충남,천안시 서북구,성환읍,,48516
331-749,충남,천안시 서북구,직산읍 모시리 동보아파트,(101∼102동),48517
331-752,충남,천안시 서북구,직산읍 모시리 우성아파트,(101∼104동),48518
331-857,충남,천안시 서북구,직산읍 삼은리 직산세광엔리치빌1차아파트,(101∼205동),48519
331-858,충남,천안시 서북구,직산읍 삼은리 (재)충남테크노파크천안밸리,,48520
331-748,충남,천안시 서북구,직산읍 수헐리 부영아파트,(101∼108동),48521
331-811,충남,천안시 서북구,직산읍 군동리,,48522
331-811,충남,천안시 서북구,직산읍 군서리,,48523
331-812,충남,천안시 서북구,직산읍 남산리,,48524
331-813,충남,천안시 서북구,직산읍 마정리,,48525
331-814,충남,천안시 서북구,직산읍 모시리,,48526
331-815,충남,천안시 서북구,직산읍 부송리,,48527
331-816,충남,천안시 서북구,직산읍 삼은리,,48528
331-817,충남,천안시 서북구,직산읍 상덕리,,48529
331-813,충남,천안시 서북구,직산읍 석곡리,,48530
331-817,충남,천안시 서북구,직산읍 수헐리,,48531
331-814,충남,천안시 서북구,직산읍 신갈리,,48532
331-813,충남,천안시 서북구,직산읍 양당리,,48533
331-815,충남,천안시 서북구,직산읍 자은가리,,48534
331-811,충남,천안시 서북구,직산읍 판정리,,48535
331-810,충남,천안시 서북구,직산읍,,48536
331-821,충남,천안시 서북구,입장면 가산리,,48537
331-822,충남,천안시 서북구,입장면 기로리,,48538
331-822,충남,천안시 서북구,입장면 도림리,,48539
331-823,충남,천안시 서북구,입장면 독정리,,48540
331-824,충남,천안시 서북구,입장면 산정리,,48541
331-822,충남,천안시 서북구,입장면 상장리,,48542
331-825,충남,천안시 서북구,입장면 시장리,,48543
331-826,충남,천안시 서북구,입장면 신덕리,,48544
331-826,충남,천안시 서북구,입장면 신두리,,48545
331-822,충남,천안시 서북구,입장면 양대리,,48546
331-821,충남,천안시 서북구,입장면 연곡리,,48547
331-824,충남,천안시 서북구,입장면 용정리,,48548
331-821,충남,천안시 서북구,입장면 유리,,48549
331-827,충남,천안시 서북구,입장면 하장리,,48550
331-825,충남,천안시 서북구,입장면 호당리,,48551
331-825,충남,천안시 서북구,입장면 홍천리,,48552
331-825,충남,천안시 서북구,입장면 효계리,,48553
331-824,충남,천안시 서북구,입장면 흑암리,,48554
331-820,충남,천안시 서북구,입장면,,48555
331-600,충남,천안시 서북구,천안우체국사서함,1∼200,48556
312-801,충남,금산군,금산읍 계진리,,48557
312-701,충남,금산군,금산읍 금산군청,,48558
312-800,충남,금산군,금산읍 금산우체국,,48559
312-705,충남,금산군,금산읍 삼호아파트,,48560
312-802,충남,금산군,금산읍 상1리,,48561
312-802,충남,금산군,금산읍 상2리,,48562
312-802,충남,금산군,금산읍 상3리,,48563
312-802,충남,금산군,금산읍 상4리,,48564
312-802,충남,금산군,금산읍 상5리,,48565
312-803,충남,금산군,금산읍 상6리,,48566
312-803,충남,금산군,금산읍 상7리,,48567
312-703,충남,금산군,금산읍 상8리 상리주공1단지아파트,(101∼110동),48568
312-707,충남,금산군,금산읍 상8리 상리주공2단지아파트,(201∼207동),48569
312-803,충남,금산군,금산읍 상8리,,48570
312-704,충남,금산군,금산읍 상리 한진아파트,(101∼102동),48571
312-802,충남,금산군,금산읍 상리,,48572
312-801,충남,금산군,금산읍 상옥리,,48573
312-804,충남,금산군,금산읍 신대리,,48574
312-805,충남,금산군,금산읍 아인리,,48575
312-805,충남,금산군,금산읍 양지리,,48576
312-805,충남,금산군,금산읍 음지리,,48577
312-806,충남,금산군,금산읍 중도1리,,48578
312-806,충남,금산군,금산읍 중도2리,,48579
312-806,충남,금산군,금산읍 중도3리,,48580
312-807,충남,금산군,금산읍 중도4리,,48581
312-806,충남,금산군,금산읍 중도5리,,48582
312-807,충남,금산군,금산읍 중도6리,,48583
312-807,충남,금산군,금산읍 중도7리,,48584
312-806,충남,금산군,금산읍 중도8리,,48585
312-807,충남,금산군,금산읍 중도9리,,48586
312-807,충남,금산군,금산읍 중도10리,,48587
312-806,충남,금산군,금산읍 중도리,,48588
312-804,충남,금산군,금산읍 하옥리,,48589
312-800,충남,금산군,금산읍,,48590
312-831,충남,금산군,군북면 내부리,,48591
312-832,충남,금산군,군북면 동편리,,48592
312-832,충남,금산군,군북면 두두리,,48593
312-833,충남,금산군,군북면 보광리,,48594
312-833,충남,금산군,군북면 산안리,,48595
312-833,충남,금산군,군북면 상곡리,,48596
312-831,충남,금산군,군북면 외부리,,48597
312-832,충남,금산군,군북면 조정리,,48598
312-832,충남,금산군,군북면 천을리,,48599
312-831,충남,금산군,군북면 호티리,,48600
312-830,충남,금산군,군북면,,48601
312-700,충남,금산군,금성면 금산위성지구국,,48602
312-911,충남,금산군,금성면 대암리,,48603
312-912,충남,금산군,금성면 도곡리,,48604
312-911,충남,금산군,금성면 두곡리,,48605
312-911,충남,금산군,금성면 마수리,,48606
312-913,충남,금산군,금성면 상가리,,48607
312-912,충남,금산군,금성면 양전리,,48608
312-911,충남,금산군,금성면 의총리,,48609
312-913,충남,금산군,금성면 파초리,,48610
312-913,충남,금산군,금성면 하류리,,48611
312-911,충남,금산군,금성면 하신리,,48612
312-912,충남,금산군,금성면 화림리,,48613
312-910,충남,금산군,금성면,,48614
312-891,충남,금산군,남이면 건천리,,48615
312-892,충남,금산군,남이면 구석리,,48616
312-893,충남,금산군,남이면 대양리,,48617
312-894,충남,금산군,남이면 매곡리,,48618
312-893,충남,금산군,남이면 상금리,,48619
312-894,충남,금산군,남이면 석동리,,48620
312-894,충남,금산군,남이면 성곡리,,48621
312-893,충남,금산군,남이면 역평리,,48622
312-892,충남,금산군,남이면 하금1리,,48623
312-893,충남,금산군,남이면 하금2리,,48624
312-892,충남,금산군,남이면 하금3리,,48625
312-892,충남,금산군,남이면 하금리,,48626
312-892,충남,금산군,남이면 흑암리,,48627
312-890,충남,금산군,남이면,,48628
312-851,충남,금산군,남일면 덕천리,,48629
312-852,충남,금산군,남일면 마장리,,48630
312-852,충남,금산군,남일면 상동리,,48631
312-853,충남,금산군,남일면 신동리,,48632
312-853,충남,금산군,남일면 신정리,,48633
312-854,충남,금산군,남일면 신천리,,48634
312-854,충남,금산군,남일면 음대리,,48635
312-851,충남,금산군,남일면 초현리,,48636
312-852,충남,금산군,남일면 황풍리,,48637
312-850,충남,금산군,남일면,,48638
312-921,충남,금산군,복수면 곡남리,,48639
312-922,충남,금산군,복수면 구례리,,48640
312-923,충남,금산군,복수면 다복리,,48641
312-923,충남,금산군,복수면 목소리,,48642
312-922,충남,금산군,복수면 백암리,,48643
312-921,충남,금산군,복수면 수영리,,48644
312-924,충남,금산군,복수면 신대리,,48645
312-923,충남,금산군,복수면 용진리,,48646
312-924,충남,금산군,복수면 지량리,,48647
312-920,충남,금산군,복수면,,48648
312-841,충남,금산군,부리면 관천리,,48649
312-842,충남,금산군,부리면 방우리,,48650
312-843,충남,금산군,부리면 불이리,,48651
312-841,충남,금산군,부리면 선원리,,48652
312-844,충남,금산군,부리면 수통리,,48653
312-844,충남,금산군,부리면 신촌리,,48654
312-843,충남,금산군,부리면 양곡리,,48655
312-844,충남,금산군,부리면 어재리,,48656
312-844,충남,금산군,부리면 예미리,,48657
312-841,충남,금산군,부리면 창평리,,48658
312-844,충남,금산군,부리면 평촌리,,48659
312-843,충남,금산군,부리면 현내리,,48660
312-840,충남,금산군,부리면,,48661
312-821,충남,금산군,제원면 구억리,,48662
312-822,충남,금산군,제원면 금성리,,48663
312-821,충남,금산군,제원면 길곡리,,48664
312-823,충남,금산군,제원면 대산리,,48665
312-821,충남,금산군,제원면 동곡리,,48666
312-824,충남,금산군,제원면 명곡리,,48667
312-706,충남,금산군,제원면 명암리 한국타이어,,48668
312-824,충남,금산군,제원면 명암리,,48669
312-824,충남,금산군,제원면 수당리,,48670
312-821,충남,금산군,제원면 신안리,,48671
312-822,충남,금산군,제원면 용화리,,48672
312-822,충남,금산군,제원면 저곡리,,48673
312-823,충남,금산군,제원면 제원리,,48674
312-822,충남,금산군,제원면 천내리,,48675
312-820,충남,금산군,제원면,,48676
312-931,충남,금산군,진산면 교촌리,,48677
312-932,충남,금산군,진산면 두지리,,48678
312-932,충남,금산군,진산면 막현리,,48679
312-931,충남,금산군,진산면 만악리,,48680
312-931,충남,금산군,진산면 묵산리,,48681
312-931,충남,금산군,진산면 부암리,,48682
312-933,충남,금산군,진산면 삼가리,,48683
312-933,충남,금산군,진산면 석막리,,48684
312-931,충남,금산군,진산면 엄정리,,48685
312-933,충남,금산군,진산면 오항리,,48686
312-933,충남,금산군,진산면 읍내리,,48687
312-932,충남,금산군,진산면 지방리,,48688
312-932,충남,금산군,진산면 행정리,,48689
312-930,충남,금산군,진산면,,48690
312-702,충남,금산군,추부면 마전리 중부대학교,,48691
312-941,충남,금산군,추부면 마전1리,,48692
312-941,충남,금산군,추부면 마전2리,,48693
312-941,충남,금산군,추부면 마전3리,,48694
312-941,충남,금산군,추부면 마전4리,,48695
312-941,충남,금산군,추부면 마전5리,,48696
312-941,충남,금산군,추부면 마전6리,,48697
312-942,충남,금산군,추부면 마전7리,,48698
312-942,충남,금산군,추부면 마전8리,,48699
312-941,충남,금산군,추부면 마전리,,48700
312-943,충남,금산군,추부면 비례리,,48701
312-944,충남,금산군,추부면 서대리,,48702
312-944,충남,금산군,추부면 성당리,,48703
312-943,충남,금산군,추부면 신평리,,48704
312-943,충남,금산군,추부면 요광리,,48705
312-942,충남,금산군,추부면 용지리,,48706
312-943,충남,금산군,추부면 자부리,,48707
312-942,충남,금산군,추부면 장대리,,48708
312-942,충남,금산군,추부면 추정리,,48709
312-940,충남,금산군,추부면,,48710
323-751,충남,부여군,부여읍 동남아파트,,48711
323-700,충남,부여군,부여읍 부여경찰서,,48712
323-701,충남,부여군,부여읍 부여군청,,48713
323-800,충남,부여군,부여읍 부여우체국,,48714
323-754,충남,부여군,부여읍 쌍북리 홍선금동아파트,(101∼108동),48715
323-752,충남,부여군,부여읍 쌍북아파트,,48716
323-753,충남,부여군,부여읍 왕궁마을아파트,,48717
323-801,충남,부여군,부여읍 가증리,,48718
323-802,충남,부여군,부여읍 가탑리,,48719
323-803,충남,부여군,부여읍 관북리,,48720
323-804,충남,부여군,부여읍 구교리,,48721
323-805,충남,부여군,부여읍 구아리,,48722
323-803,충남,부여군,부여읍 군수리,,48723
323-802,충남,부여군,부여읍 능산리,,48724
323-806,충남,부여군,부여읍 동남리,,48725
323-807,충남,부여군,부여읍 상금리,,48726
323-806,충남,부여군,부여읍 석목리,,48727
323-807,충남,부여군,부여읍 송간리,,48728
323-807,충남,부여군,부여읍 송곡리,,48729
323-807,충남,부여군,부여읍 신정리,,48730
323-808,충남,부여군,부여읍 쌍북리,,48731
323-809,충남,부여군,부여읍 염창리,,48732
323-806,충남,부여군,부여읍 왕포리,,48733
323-801,충남,부여군,부여읍 용정리,,48734
323-801,충남,부여군,부여읍 자왕리,,48735
323-807,충남,부여군,부여읍 저석리,,48736
323-801,충남,부여군,부여읍 정동리,,48737
323-802,충남,부여군,부여읍 중정리,,48738
323-809,충남,부여군,부여읍 현북리,,48739
323-800,충남,부여군,부여읍,,48740
323-831,충남,부여군,구룡면 구봉리,,48741
323-832,충남,부여군,구룡면 금사리,,48742
323-832,충남,부여군,구룡면 논티리,,48743
323-832,충남,부여군,구룡면 동방리,,48744
323-832,충남,부여군,구룡면 용당리,,48745
323-831,충남,부여군,구룡면 주정리,,48746
323-832,충남,부여군,구룡면 죽교리,,48747
323-832,충남,부여군,구룡면 죽절리,,48748
323-831,충남,부여군,구룡면 태양리,,48749
323-831,충남,부여군,구룡면 현암리,,48750
323-830,충남,부여군,구룡면,,48751
323-811,충남,부여군,규암면 규암리,,48752
323-812,충남,부여군,규암면 금암리,,48753
323-814,충남,부여군,규암면 나복리,,48754
323-813,충남,부여군,규암면 내리,,48755
323-814,충남,부여군,규암면 노화리,,48756
323-815,충남,부여군,규암면 모리,,48757
323-755,충남,부여군,규암면 반산리 대동황토방아파트,(101∼109동),48758
323-813,충남,부여군,규암면 반산리,,48759
323-816,충남,부여군,규암면 부여두리,,48760
323-814,충남,부여군,규암면 석우리,,48761
323-814,충남,부여군,규암면 수목리,,48762
323-812,충남,부여군,규암면 신리,,48763
323-812,충남,부여군,규암면 신성리,,48764
323-812,충남,부여군,규암면 오수리,,48765
323-811,충남,부여군,규암면 외리,,48766
323-815,충남,부여군,규암면 진변리,,48767
323-815,충남,부여군,규암면 함양리,,48768
323-816,충남,부여군,규암면 합송리,,48769
323-812,충남,부여군,규암면 합정리,,48770
323-812,충남,부여군,규암면 호암리,,48771
323-810,충남,부여군,규암면,,48772
323-851,충남,부여군,남면 금천리,,48773
323-851,충남,부여군,남면 내곡리,,48774
323-851,충남,부여군,남면 대선리,,48775
323-852,충남,부여군,남면 마정리,,48776
323-851,충남,부여군,남면 삼용리,,48777
323-852,충남,부여군,남면 송암리,,48778
323-851,충남,부여군,남면 송학리,,48779
323-851,충남,부여군,남면 신홍리,,48780
323-852,충남,부여군,남면 회동리,,48781
323-850,충남,부여군,남면,,48782
323-881,충남,부여군,내산면 금지리,,48783
323-881,충남,부여군,내산면 마전리,,48784
323-882,충남,부여군,내산면 묘원리,,48785
323-881,충남,부여군,내산면 온해리,,48786
323-882,충남,부여군,내산면 운치리,,48787
323-882,충남,부여군,내산면 율암리,,48788
323-881,충남,부여군,내산면 저동리,,48789
323-882,충남,부여군,내산면 주암리,,48790
323-881,충남,부여군,내산면 지티리,,48791
323-882,충남,부여군,내산면 천보리,,48792
323-880,충남,부여군,내산면,,48793
323-951,충남,부여군,석성면 봉정리,,48794
323-952,충남,부여군,석성면 비당리,,48795
323-951,충남,부여군,석성면 석성리,,48796
323-953,충남,부여군,석성면 정각리,,48797
323-952,충남,부여군,석성면 증산리,,48798
323-951,충남,부여군,석성면 현내리,,48799
323-950,충남,부여군,석성면,,48800
323-941,충남,부여군,세도면 가회리,,48801
323-942,충남,부여군,세도면 간대리,,48802
323-941,충남,부여군,세도면 귀덕리,,48803
323-942,충남,부여군,세도면 동사리,,48804
323-943,충남,부여군,세도면 반조원리,,48805
323-943,충남,부여군,세도면 사산리,,48806
323-942,충남,부여군,세도면 수고리,,48807
323-941,충남,부여군,세도면 장산리,,48808
323-943,충남,부여군,세도면 청송리,,48809
323-941,충남,부여군,세도면 청포리,,48810
323-943,충남,부여군,세도면 화수리,,48811
323-940,충남,부여군,세도면,,48812
323-931,충남,부여군,양화면 내성리,,48813
323-932,충남,부여군,양화면 벽용리,,48814
323-931,충남,부여군,양화면 상촌리,,48815
323-932,충남,부여군,양화면 송정리,,48816
323-931,충남,부여군,양화면 수원리,,48817
323-931,충남,부여군,양화면 시음리,,48818
323-932,충남,부여군,양화면 암수리,,48819
323-933,충남,부여군,양화면 오량리,,48820
323-932,충남,부여군,양화면 원당리,,48821
323-933,충남,부여군,양화면 입포리,,48822
323-933,충남,부여군,양화면 족교리,,48823
323-933,충남,부여군,양화면 초왕리,,48824
323-930,충남,부여군,양화면,,48825
323-871,충남,부여군,옥산면 가덕리,,48826
323-871,충남,부여군,옥산면 내대리,,48827
323-871,충남,부여군,옥산면 대덕리,,48828
323-872,충남,부여군,옥산면 봉산리,,48829
323-872,충남,부여군,옥산면 상기리,,48830
323-872,충남,부여군,옥산면 수암리,,48831
323-871,충남,부여군,옥산면 신안리,,48832
323-872,충남,부여군,옥산면 안서리,,48833
323-871,충남,부여군,옥산면 중양리,,48834
323-872,충남,부여군,옥산면 학산리,,48835
323-872,충남,부여군,옥산면 홍연리,,48836
323-870,충남,부여군,옥산면,,48837
323-891,충남,부여군,외산면 가덕리,,48838
323-891,충남,부여군,외산면 갈산리,,48839
323-892,충남,부여군,외산면 만수리,,48840
323-893,충남,부여군,외산면 문신리,,48841
323-891,충남,부여군,외산면 반교리,,48842
323-891,충남,부여군,외산면 복덕리,,48843
323-893,충남,부여군,외산면 비암리,,48844
323-893,충남,부여군,외산면 삼산리,,48845
323-893,충남,부여군,외산면 수신리,,48846
323-892,충남,부여군,외산면 장항리,,48847
323-893,충남,부여군,외산면 전장리,,48848
323-893,충남,부여군,외산면 지선리,,48849
323-891,충남,부여군,외산면 화성리,,48850
323-890,충남,부여군,외산면,,48851
323-821,충남,부여군,은산면 가곡리,,48852
323-822,충남,부여군,은산면 가중리,,48853
323-822,충남,부여군,은산면 각대리,,48854
323-821,충남,부여군,은산면 거전리,,48855
323-822,충남,부여군,은산면 경둔리,,48856
323-821,충남,부여군,은산면 금공리,,48857
323-823,충남,부여군,은산면 나령리,,48858
323-822,충남,부여군,은산면 내지리,,48859
323-823,충남,부여군,은산면 대양리,,48860
323-824,충남,부여군,은산면 신대리,,48861
323-823,충남,부여군,은산면 오번리,,48862
323-821,충남,부여군,은산면 용두리,,48863
323-824,충남,부여군,은산면 은산리,,48864
323-821,충남,부여군,은산면 장벌리,,48865
323-822,충남,부여군,은산면 합수리,,48866
323-823,충남,부여군,은산면 홍산리,,48867
323-821,충남,부여군,은산면 회곡리,,48868
323-820,충남,부여군,은산면,,48869
323-921,충남,부여군,임천면 가신리,,48870
323-922,충남,부여군,임천면 구교리,,48871
323-923,충남,부여군,임천면 군사리,,48872
323-922,충남,부여군,임천면 두곡리,,48873
323-923,충남,부여군,임천면 만사리,,48874
323-921,충남,부여군,임천면 발산리,,48875
323-921,충남,부여군,임천면 비정리,,48876
323-921,충남,부여군,임천면 옥곡리,,48877
323-923,충남,부여군,임천면 점리,,48878
323-922,충남,부여군,임천면 칠산리,,48879
323-921,충남,부여군,임천면 탑산리,,48880
323-920,충남,부여군,임천면,,48881
323-911,충남,부여군,장암면 북고리,,48882
323-911,충남,부여군,장암면 상황리,,48883
323-912,충남,부여군,장암면 석동리,,48884
323-912,충남,부여군,장암면 원문리,,48885
323-911,충남,부여군,장암면 장하리,,48886
323-913,충남,부여군,장암면 점상리,,48887
323-912,충남,부여군,장암면 정암리,,48888
323-913,충남,부여군,장암면 지토리,,48889
323-911,충남,부여군,장암면 하황리,,48890
323-913,충남,부여군,장암면 합곡리,,48891
323-910,충남,부여군,장암면,,48892
323-961,충남,부여군,초촌면 산직리,,48893
323-961,충남,부여군,초촌면 세탑리,,48894
323-961,충남,부여군,초촌면 소사리,,48895
323-961,충남,부여군,초촌면 송국리,,48896
323-961,충남,부여군,초촌면 송정리,,48897
323-962,충남,부여군,초촌면 신암리,,48898
323-962,충남,부여군,초촌면 연화리,,48899
323-962,충남,부여군,초촌면 응평리,,48900
323-961,충남,부여군,초촌면 진호리,,48901
323-962,충남,부여군,초촌면 초평리,,48902
323-962,충남,부여군,초촌면 추양리,,48903
323-960,충남,부여군,초촌면,,48904
323-861,충남,부여군,충화면 가화리,,48905
323-862,충남,부여군,충화면 만지리,,48906
323-862,충남,부여군,충화면 복금리,,48907
323-861,충남,부여군,충화면 오덕리,,48908
323-861,충남,부여군,충화면 지석리,,48909
323-862,충남,부여군,충화면 천당리,,48910
323-861,충남,부여군,충화면 청남리,,48911
323-862,충남,부여군,충화면 팔충리,,48912
323-861,충남,부여군,충화면 현미리,,48913
323-860,충남,부여군,충화면,,48914
323-841,충남,부여군,홍산면 교원리,,48915
323-842,충남,부여군,홍산면 남촌리,,48916
323-843,충남,부여군,홍산면 무정리,,48917
323-841,충남,부여군,홍산면 북촌리,,48918
323-843,충남,부여군,홍산면 상천리,,48919
323-843,충남,부여군,홍산면 정동리,,48920
323-843,충남,부여군,홍산면 조현리,,48921
323-843,충남,부여군,홍산면 좌홍리,,48922
323-841,충남,부여군,홍산면 토정리,,48923
323-842,충남,부여군,홍산면 홍양리,,48924
323-840,충남,부여군,홍산면,,48925
325-702,충남,서천군,서천읍 사곡리 천산스카이빌아파트,(101∼201동),48926
325-703,충남,서천군,서천읍 사곡리 휴먼시아아파트,(101∼106동),48927
325-701,충남,서천군,서천읍 서천군청,,48928
325-800,충남,서천군,서천읍 서천우체국,,48929
325-801,충남,서천군,서천읍 구암리,,48930
325-802,충남,서천군,서천읍 군사1리,,48931
325-803,충남,서천군,서천읍 군사2리,,48932
325-804,충남,서천군,서천읍 군사3리,,48933
325-803,충남,서천군,서천읍 군사4리,,48934
325-802,충남,서천군,서천읍 군사5리,,48935
325-802,충남,서천군,서천읍 군사리,,48936
325-801,충남,서천군,서천읍 남산리,,48937
325-805,충남,서천군,서천읍 동산리,,48938
325-805,충남,서천군,서천읍 두왕리,,48939
325-805,충남,서천군,서천읍 둔덕리,,48940
325-806,충남,서천군,서천읍 사곡리,,48941
325-801,충남,서천군,서천읍 삼산리,,48942
325-801,충남,서천군,서천읍 신송리,,48943
325-801,충남,서천군,서천읍 오석리,,48944
325-805,충남,서천군,서천읍 태월리,,48945
325-804,충남,서천군,서천읍 화금리,,48946
325-805,충남,서천군,서천읍 화성리,,48947
325-800,충남,서천군,서천읍,,48948
325-901,충남,서천군,장항읍 성주리,,48949
325-902,충남,서천군,장항읍 송림리,,48950
325-903,충남,서천군,장항읍 신창리,,48951
325-904,충남,서천군,장항읍 옥남리,,48952
325-905,충남,서천군,장항읍 옥산리,,48953
325-906,충남,서천군,장항읍 원수리,,48954
325-904,충남,서천군,장항읍 장암리,,48955
325-907,충남,서천군,장항읍 창선리,,48956
325-908,충남,서천군,장항읍 화천리,,48957
325-900,충남,서천군,장항읍,,48958
325-831,충남,서천군,기산면 가공리,,48959
325-831,충남,서천군,기산면 광암리,,48960
325-832,충남,서천군,기산면 내동리,,48961
325-832,충남,서천군,기산면 두남리,,48962
325-832,충남,서천군,기산면 두북리,,48963
325-831,충남,서천군,기산면 막동리,,48964
325-832,충남,서천군,기산면 산정리,,48965
325-832,충남,서천군,기산면 신산리,,48966
325-831,충남,서천군,기산면 영모리,,48967
325-832,충남,서천군,기산면 원길리,,48968
325-831,충남,서천군,기산면 월기리,,48969
325-831,충남,서천군,기산면 화산리,,48970
325-831,충남,서천군,기산면 황사리,,48971
325-830,충남,서천군,기산면,,48972
325-861,충남,서천군,마산면 가양리,,48973
325-862,충남,서천군,마산면 관포리,,48974
325-862,충남,서천군,마산면 군간리,,48975
325-862,충남,서천군,마산면 나궁리,,48976
325-861,충남,서천군,마산면 마명리,,48977
325-862,충남,서천군,마산면 벽오리,,48978
325-861,충남,서천군,마산면 삼월리,,48979
325-862,충남,서천군,마산면 소야리,,48980
325-861,충남,서천군,마산면 송림리,,48981
325-862,충남,서천군,마산면 시선리,,48982
325-862,충남,서천군,마산면 신봉리,,48983
325-861,충남,서천군,마산면 신장리,,48984
325-861,충남,서천군,마산면 안당리,,48985
325-861,충남,서천군,마산면 요곡리,,48986
325-861,충남,서천군,마산면 이사리,,48987
325-862,충남,서천군,마산면 지산리,,48988
325-860,충남,서천군,마산면,,48989
325-811,충남,서천군,마서면 계동리,,48990
325-812,충남,서천군,마서면 남전리,,48991
325-813,충남,서천군,마서면 당선리,,48992
325-814,충남,서천군,마서면 덕암리,,48993
325-813,충남,서천군,마서면 도삼리,,48994
325-811,충남,서천군,마서면 봉남리,,48995
325-814,충남,서천군,마서면 산내리,,48996
325-813,충남,서천군,마서면 송내리,,48997
325-815,충남,서천군,마서면 송석리,,48998
325-814,충남,서천군,마서면 신포리,,48999
325-812,충남,서천군,마서면 어리,,49000
325-812,충남,서천군,마서면 옥북리,,49001
325-811,충남,서천군,마서면 옥산리,,49002
325-811,충남,서천군,마서면 월포리,,49003
325-814,충남,서천군,마서면 장선리,,49004
325-815,충남,서천군,마서면 죽산리,,49005
325-815,충남,서천군,마서면 한성리,,49006
325-810,충남,서천군,마서면,,49007
325-921,충남,서천군,문산면 구동리,,49008
325-921,충남,서천군,문산면 금복리,,49009
325-922,충남,서천군,문산면 문장리,,49010
325-922,충남,서천군,문산면 북산리,,49011
325-921,충남,서천군,문산면 수암리,,49012
325-922,충남,서천군,문산면 신농리,,49013
325-921,충남,서천군,문산면 은곡리,,49014
325-921,충남,서천군,문산면 지원리,,49015
325-920,충남,서천군,문산면,,49016
325-881,충남,서천군,비인면 관리,,49017
325-882,충남,서천군,비인면 구복리,,49018
325-882,충남,서천군,비인면 남당리,,49019
325-881,충남,서천군,비인면 다사리,,49020
325-883,충남,서천군,비인면 선도리,,49021
325-883,충남,서천군,비인면 성내리,,49022
325-882,충남,서천군,비인면 성북리,,49023
325-884,충남,서천군,비인면 성산리,,49024
325-884,충남,서천군,비인면 율리,,49025
325-881,충남,서천군,비인면 장포리,,49026
325-882,충남,서천군,비인면 칠지리,,49027
325-880,충남,서천군,비인면,,49028
325-891,충남,서천군,서면 개야리,,49029
325-892,충남,서천군,서면 도둔1리,,49030
325-893,충남,서천군,서면 도둔2리,,49031
325-893,충남,서천군,서면 도둔3리,,49032
325-893,충남,서천군,서면 도둔4리,,49033
325-893,충남,서천군,서면 도둔5리,,49034
325-893,충남,서천군,서면 도둔6리,,49035
325-894,충남,서천군,서면 도둔7리,,49036
325-894,충남,서천군,서면 도둔8리,,49037
325-894,충남,서천군,서면 도둔9리,,49038
325-894,충남,서천군,서면 도둔10리,,49039
325-892,충남,서천군,서면 도둔리,,49040
325-894,충남,서천군,서면 마량리,,49041
325-891,충남,서천군,서면 부사리,,49042
325-892,충남,서천군,서면 신합리,,49043
325-891,충남,서천군,서면 원두리,,49044
325-891,충남,서천군,서면 월리,,49045
325-892,충남,서천군,서면 월호리,,49046
325-891,충남,서천군,서면 주항리,,49047
325-890,충남,서천군,서면,,49048
325-911,충남,서천군,시초면 봉선리,,49049
325-912,충남,서천군,시초면 선동리,,49050
325-912,충남,서천군,시초면 선암리,,49051
325-911,충남,서천군,시초면 신곡리,,49052
325-912,충남,서천군,시초면 신흥리,,49053
325-912,충남,서천군,시초면 용곡리,,49054
325-911,충남,서천군,시초면 초현리,,49055
325-911,충남,서천군,시초면 태성리,,49056
325-912,충남,서천군,시초면 풍정리,,49057
325-912,충남,서천군,시초면 후암리,,49058
325-910,충남,서천군,시초면,,49059
325-871,충남,서천군,종천면 랑평리,,49060
325-871,충남,서천군,종천면 당정리,,49061
325-872,충남,서천군,종천면 도만리,,49062
325-872,충남,서천군,종천면 산천리,,49063
325-872,충남,서천군,종천면 석촌리,,49064
325-871,충남,서천군,종천면 신검리,,49065
325-871,충남,서천군,종천면 장구리,,49066
325-871,충남,서천군,종천면 종천리,,49067
325-872,충남,서천군,종천면 지석리,,49068
325-872,충남,서천군,종천면 화산리,,49069
325-870,충남,서천군,종천면,,49070
325-821,충남,서천군,판교면 금덕1리,,49071
325-822,충남,서천군,판교면 금덕2리,,49072
325-821,충남,서천군,판교면 금덕리,,49073
325-822,충남,서천군,판교면 등고리,,49074
325-821,충남,서천군,판교면 마대리,,49075
325-822,충남,서천군,판교면 만덕리,,49076
325-823,충남,서천군,판교면 문곡리,,49077
325-821,충남,서천군,판교면 복대리,,49078
325-823,충남,서천군,판교면 상좌리,,49079
325-823,충남,서천군,판교면 수성리,,49080
325-823,충남,서천군,판교면 심동리,,49081
325-823,충남,서천군,판교면 우라리,,49082
325-821,충남,서천군,판교면 저산리,,49083
325-821,충남,서천군,판교면 판교리,,49084
325-822,충남,서천군,판교면 현암리,,49085
325-823,충남,서천군,판교면 후동리,,49086
325-822,충남,서천군,판교면 흥림리,,49087
325-820,충남,서천군,판교면,,49088
325-841,충남,서천군,한산면 고촌리,,49089
325-842,충남,서천군,한산면 구동리,,49090
325-843,충남,서천군,한산면 나교리,,49091
325-843,충남,서천군,한산면 단상리,,49092
325-843,충남,서천군,한산면 단하리,,49093
325-842,충남,서천군,한산면 동산리,,49094
325-843,충남,서천군,한산면 동지리,,49095
325-842,충남,서천군,한산면 마양리,,49096
325-844,충남,서천군,한산면 성외리,,49097
325-841,충남,서천군,한산면 송곡리,,49098
325-841,충남,서천군,한산면 송산리,,49099
325-842,충남,서천군,한산면 신성리,,49100
325-843,충남,서천군,한산면 야인리,,49101
325-843,충남,서천군,한산면 여사리,,49102
325-842,충남,서천군,한산면 연봉리,,49103
325-842,충남,서천군,한산면 온동리,,49104
325-842,충남,서천군,한산면 용산리,,49105
325-843,충남,서천군,한산면 원산리,,49106
325-843,충남,서천군,한산면 유산리,,49107
325-841,충남,서천군,한산면 종지리,,49108
325-841,충남,서천군,한산면 죽촌리,,49109
325-844,충남,서천군,한산면 지현리,,49110
325-841,충남,서천군,한산면 축동리,,49111
325-841,충남,서천군,한산면 호암리,,49112
325-842,충남,서천군,한산면 화곡리,,49113
325-840,충남,서천군,한산면,,49114
325-851,충남,서천군,화양면 고마리,,49115
325-851,충남,서천군,화양면 금당리,,49116
325-852,충남,서천군,화양면 기복리,,49117
325-853,충남,서천군,화양면 남성리,,49118
325-853,충남,서천군,화양면 대등리,,49119
325-852,충남,서천군,화양면 대하리,,49120
325-851,충남,서천군,화양면 망월리,,49121
325-852,충남,서천군,화양면 보현리,,49122
325-851,충남,서천군,화양면 봉명리,,49123
325-852,충남,서천군,화양면 옥포리,,49124
325-853,충남,서천군,화양면 와초리,,49125
325-853,충남,서천군,화양면 완포리,,49126
325-853,충남,서천군,화양면 월산리,,49127
325-851,충남,서천군,화양면 장상리,,49128
325-853,충남,서천군,화양면 죽산리,,49129
325-851,충남,서천군,화양면 창외리,,49130
325-852,충남,서천군,화양면 추동리,,49131
325-853,충남,서천군,화양면 화촌리,,49132
325-853,충남,서천군,화양면 활동리,,49133
325-850,충남,서천군,화양면,,49134
340-901,충남,예산군,삽교읍 가리,,49135
340-902,충남,예산군,삽교읍 두1리,,49136
340-903,충남,예산군,삽교읍 두2리,,49137
340-903,충남,예산군,삽교읍 두3리,,49138
340-902,충남,예산군,삽교읍 두4리,,49139
340-902,충남,예산군,삽교읍 두5리,,49140
340-902,충남,예산군,삽교읍 두6리,,49141
340-902,충남,예산군,삽교읍 두리,,49142
340-904,충남,예산군,삽교읍 목리,,49143
340-905,충남,예산군,삽교읍 방아리,,49144
340-901,충남,예산군,삽교읍 삽교리,,49145
340-903,충남,예산군,삽교읍 상성리,,49146
340-901,충남,예산군,삽교읍 상하리,,49147
340-902,충남,예산군,삽교읍 성리,,49148
340-901,충남,예산군,삽교읍 송산리,,49149
340-904,충남,예산군,삽교읍 수촌리,,49150
340-905,충남,예산군,삽교읍 신가리,,49151
340-904,충남,예산군,삽교읍 신리,,49152
340-901,충남,예산군,삽교읍 안치리,,49153
340-903,충남,예산군,삽교읍 역리,,49154
340-903,충남,예산군,삽교읍 용동리,,49155
340-905,충남,예산군,삽교읍 월산리,,49156
340-904,충남,예산군,삽교읍 이리,,49157
340-901,충남,예산군,삽교읍 창정리,,49158
340-904,충남,예산군,삽교읍 평촌리,,49159
340-902,충남,예산군,삽교읍 하포리,,49160
340-905,충남,예산군,삽교읍 효림리,,49161
340-900,충남,예산군,삽교읍,,49162
340-702,충남,예산군,예산읍 공주대학교산업과학대학,,49163
340-751,충남,예산군,예산읍 서오아파트,,49164
340-701,충남,예산군,예산읍 예산군청,,49165
340-800,충남,예산군,예산읍 예산우체국,,49166
340-752,충남,예산군,예산읍 주공아파트,,49167
340-753,충남,예산군,예산읍 한신아파트,,49168
340-801,충남,예산군,예산읍 간양리,,49169
340-802,충남,예산군,예산읍 관작리,,49170
340-801,충남,예산군,예산읍 궁평리,,49171
340-802,충남,예산군,예산읍 대회리,,49172
340-802,충남,예산군,예산읍 발연리,,49173
340-803,충남,예산군,예산읍 산성리,,49174
340-802,충남,예산군,예산읍 석양리,,49175
340-805,충남,예산군,예산읍 수철리,,49176
340-805,충남,예산군,예산읍 신례원리,,49177
340-754,충남,예산군,예산읍 신례원리 현대아파트,,49178
340-804,충남,예산군,예산읍 예산1리,,49179
340-804,충남,예산군,예산읍 예산2리,,49180
340-806,충남,예산군,예산읍 예산3리,,49181
340-806,충남,예산군,예산읍 예산4리,,49182
340-806,충남,예산군,예산읍 예산5리,,49183
340-807,충남,예산군,예산읍 예산6리,,49184
340-807,충남,예산군,예산읍 예산7리,,49185
340-804,충남,예산군,예산읍 예산리,,49186
340-808,충남,예산군,예산읍 주교1리,,49187
340-809,충남,예산군,예산읍 주교2리,,49188
340-809,충남,예산군,예산읍 주교3리,,49189
340-809,충남,예산군,예산읍 주교4리,,49190
340-809,충남,예산군,예산읍 주교5리,,49191
340-755,충남,예산군,예산읍 주교6리 석탑유익아파트,,49192
340-809,충남,예산군,예산읍 주교6리,,49193
340-802,충남,예산군,예산읍 주교7리,,49194
340-808,충남,예산군,예산읍 주교리,,49195
340-805,충남,예산군,예산읍 창소리,,49196
340-809,충남,예산군,예산읍 향천리,,49197
340-800,충남,예산군,예산읍,,49198
340-931,충남,예산군,고덕면 구만리,,49199
340-932,충남,예산군,고덕면 대천1리,,49200
340-933,충남,예산군,고덕면 대천2리,,49201
340-934,충남,예산군,고덕면 대천3리,,49202
340-932,충남,예산군,고덕면 대천리,,49203
340-933,충남,예산군,고덕면 몽곡리,,49204
340-934,충남,예산군,고덕면 사1리,,49205
340-932,충남,예산군,고덕면 사2리,,49206
340-934,충남,예산군,고덕면 사리,,49207
340-935,충남,예산군,고덕면 상궁리,,49208
340-933,충남,예산군,고덕면 상몽리,,49209
340-935,충남,예산군,고덕면 상장리,,49210
340-932,충남,예산군,고덕면 석곡1리,,49211
340-931,충남,예산군,고덕면 석곡2리,,49212
340-931,충남,예산군,고덕면 석곡3리,,49213
340-932,충남,예산군,고덕면 석곡리,,49214
340-934,충남,예산군,고덕면 오추리,,49215
340-931,충남,예산군,고덕면 용리,,49216
340-935,충남,예산군,고덕면 지곡리,,49217
340-934,충남,예산군,고덕면 호음리,,49218
340-930,충남,예산군,고덕면,,49219
340-851,충남,예산군,광시면 가덕리,,49220
340-852,충남,예산군,광시면 관음리,,49221
340-853,충남,예산군,광시면 광시리,,49222
340-852,충남,예산군,광시면 구례리,,49223
340-853,충남,예산군,광시면 노전리,,49224
340-851,충남,예산군,광시면 대리,,49225
340-852,충남,예산군,광시면 동산리,,49226
340-852,충남,예산군,광시면 마사리,,49227
340-851,충남,예산군,광시면 미곡리,,49228
340-852,충남,예산군,광시면 서초정리,,49229
340-851,충남,예산군,광시면 시목리,,49230
340-852,충남,예산군,광시면 신대리,,49231
340-851,충남,예산군,광시면 신흥리,,49232
340-851,충남,예산군,광시면 용두리,,49233
340-853,충남,예산군,광시면 운산리,,49234
340-852,충남,예산군,광시면 월송리,,49235
340-853,충남,예산군,광시면 은사리,,49236
340-851,충남,예산군,광시면 장신리,,49237
340-852,충남,예산군,광시면 장전리,,49238
340-853,충남,예산군,광시면 하장대리,,49239
340-850,충남,예산군,광시면,,49240
340-811,충남,예산군,대술면 궐곡리,,49241
340-812,충남,예산군,대술면 농리,,49242
340-813,충남,예산군,대술면 마전리,,49243
340-812,충남,예산군,대술면 방산리,,49244
340-813,충남,예산군,대술면 산정리,,49245
340-812,충남,예산군,대술면 상항리,,49246
340-811,충남,예산군,대술면 송석리,,49247
340-813,충남,예산군,대술면 시산리,,49248
340-813,충남,예산군,대술면 이티리,,49249
340-811,충남,예산군,대술면 장복리,,49250
340-811,충남,예산군,대술면 화산리,,49251
340-812,충남,예산군,대술면 화천리,,49252
340-810,충남,예산군,대술면,,49253
340-841,충남,예산군,대흥면 갈신리,,49254
340-842,충남,예산군,대흥면 교촌리,,49255
340-843,충남,예산군,대흥면 금곡리,,49256
340-842,충남,예산군,대흥면 노동리,,49257
340-841,충남,예산군,대흥면 대률리,,49258
340-843,충남,예산군,대흥면 대야리,,49259
340-841,충남,예산군,대흥면 동서리,,49260
340-843,충남,예산군,대흥면 상중리,,49261
340-842,충남,예산군,대흥면 손지리,,49262
340-843,충남,예산군,대흥면 송지리,,49263
340-842,충남,예산군,대흥면 신속리,,49264
340-841,충남,예산군,대흥면 지곡리,,49265
340-843,충남,예산군,대흥면 탄방리,,49266
340-843,충남,예산군,대흥면 하탄방리,,49267
340-840,충남,예산군,대흥면,,49268
340-921,충남,예산군,덕산면 광천리,,49269
340-922,충남,예산군,덕산면 낙상리,,49270
340-921,충남,예산군,덕산면 내라리,,49271
340-922,충남,예산군,덕산면 대동리,,49272
340-921,충남,예산군,덕산면 대치리,,49273
340-922,충남,예산군,덕산면 둔리,,49274
340-922,충남,예산군,덕산면 복당리,,49275
340-923,충남,예산군,덕산면 북문리,,49276
340-924,충남,예산군,덕산면 사동리,,49277
340-921,충남,예산군,덕산면 사천리,,49278
340-924,충남,예산군,덕산면 상가리,,49279
340-924,충남,예산군,덕산면 시량리,,49280
340-924,충남,예산군,덕산면 신평리,,49281
340-924,충남,예산군,덕산면 옥계리,,49282
340-921,충남,예산군,덕산면 외라리,,49283
340-923,충남,예산군,덕산면 읍내리,,49284
340-920,충남,예산군,덕산면,,49285
340-941,충남,예산군,봉산면 고도리,,49286
340-942,충남,예산군,봉산면 구암리,,49287
340-941,충남,예산군,봉산면 궁평리,,49288
340-941,충남,예산군,봉산면 금치리,,49289
340-942,충남,예산군,봉산면 당곡리,,49290
340-942,충남,예산군,봉산면 대지리,,49291
340-941,충남,예산군,봉산면 마교리,,49292
340-943,충남,예산군,봉산면 봉림리,,49293
340-943,충남,예산군,봉산면 사석리,,49294
340-942,충남,예산군,봉산면 시동리,,49295
340-943,충남,예산군,봉산면 옥전리,,49296
340-941,충남,예산군,봉산면 옹안리,,49297
340-943,충남,예산군,봉산면 하평리,,49298
340-941,충남,예산군,봉산면 화전리,,49299
340-943,충남,예산군,봉산면 효교리,,49300
340-940,충남,예산군,봉산면,,49301
340-861,충남,예산군,신암면 계촌리,,49302
340-861,충남,예산군,신암면 두곡리,,49303
340-862,충남,예산군,신암면 별리,,49304
340-863,충남,예산군,신암면 신종리,,49305
340-863,충남,예산군,신암면 신택리,,49306
340-864,충남,예산군,신암면 예림리,,49307
340-862,충남,예산군,신암면 오산리,,49308
340-864,충남,예산군,신암면 용궁리,,49309
340-864,충남,예산군,신암면 조곡리,,49310
340-861,충남,예산군,신암면 종경리,,49311
340-864,충남,예산군,신암면 중예리,,49312
340-862,충남,예산군,신암면 탄중리,,49313
340-863,충남,예산군,신암면 하평리,,49314
340-860,충남,예산군,신암면,,49315
340-821,충남,예산군,신양면 가지리,,49316
340-822,충남,예산군,신양면 귀곡리,,49317
340-823,충남,예산군,신양면 녹문리,,49318
340-823,충남,예산군,신양면 대덕리,,49319
340-821,충남,예산군,신양면 만사리,,49320
340-823,충남,예산군,신양면 무봉리,,49321
340-822,충남,예산군,신양면 불원리,,49322
340-823,충남,예산군,신양면 서계양리,,49323
340-822,충남,예산군,신양면 시왕리,,49324
340-821,충남,예산군,신양면 신양리,,49325
340-821,충남,예산군,신양면 여래미리,,49326
340-822,충남,예산군,신양면 연리,,49327
340-821,충남,예산군,신양면 죽천리,,49328
340-823,충남,예산군,신양면 차동리,,49329
340-822,충남,예산군,신양면 하천리,,49330
340-823,충남,예산군,신양면 황계리,,49331
340-820,충남,예산군,신양면,,49332
340-911,충남,예산군,오가면 내량리,,49333
340-912,충남,예산군,오가면 분천리,,49334
340-913,충남,예산군,오가면 신석리,,49335
340-914,충남,예산군,오가면 신원리,,49336
340-913,충남,예산군,오가면 신장리,,49337
340-911,충남,예산군,오가면 양막리,,49338
340-915,충남,예산군,오가면 역탑리,,49339
340-914,충남,예산군,오가면 오촌리,,49340
340-911,충남,예산군,오가면 원천리,,49341
340-915,충남,예산군,오가면 원평리,,49342
340-913,충남,예산군,오가면 월곡리,,49343
340-912,충남,예산군,오가면 좌방리,,49344
340-910,충남,예산군,오가면,,49345
340-831,충남,예산군,응봉면 건지화리,,49346
340-831,충남,예산군,응봉면 계정리,,49347
340-831,충남,예산군,응봉면 노화리,,49348
340-832,충남,예산군,응봉면 등촌리,,49349
340-831,충남,예산군,응봉면 송석리,,49350
340-832,충남,예산군,응봉면 신리,,49351
340-832,충남,예산군,응봉면 운곡리,,49352
340-832,충남,예산군,응봉면 입침리,,49353
340-831,충남,예산군,응봉면 주령리,,49354
340-832,충남,예산군,응봉면 증곡리,,49355
340-831,충남,예산군,응봉면 지석리,,49356
340-832,충남,예산군,응봉면 평촌리,,49357
340-832,충남,예산군,응봉면 후사리,,49358
340-830,충남,예산군,응봉면,,49359
345-702,충남,청양군,청양읍 벽천리 충남도립청양대학,,49360
345-701,충남,청양군,청양읍 청양군청,,49361
345-800,충남,청양군,청양읍 청양우체국,,49362
345-801,충남,청양군,청양읍 교월리,,49363
345-802,충남,청양군,청양읍 군량리,,49364
345-803,충남,청양군,청양읍 백천리,,49365
345-803,충남,청양군,청양읍 벽천리,,49366
345-801,충남,청양군,청양읍 송방리,,49367
345-804,충남,청양군,청양읍 읍내1리,,49368
345-804,충남,청양군,청양읍 읍내2리,,49369
345-804,충남,청양군,청양읍 읍내3리,,49370
345-805,충남,청양군,청양읍 읍내4리,,49371
345-805,충남,청양군,청양읍 읍내5리,,49372
345-804,충남,청양군,청양읍 읍내리,,49373
345-802,충남,청양군,청양읍 장승리,,49374
345-802,충남,청양군,청양읍 적누리,,49375
345-802,충남,청양군,청양읍 정좌리,,49376
345-803,충남,청양군,청양읍 청수리,,49377
345-803,충남,청양군,청양읍 학당리,,49378
345-800,충남,청양군,청양읍,,49379
345-851,충남,청양군,남양면 구룡리,,49380
345-852,충남,청양군,남양면 금정리,,49381
345-853,충남,청양군,남양면 대봉리,,49382
345-853,충남,청양군,남양면 매곡리,,49383
345-851,충남,청양군,남양면 백금리,,49384
345-852,충남,청양군,남양면 봉암리,,49385
345-851,충남,청양군,남양면 신왕리,,49386
345-853,충남,청양군,남양면 온암리,,49387
345-852,충남,청양군,남양면 온직리,,49388
345-852,충남,청양군,남양면 용두리,,49389
345-851,충남,청양군,남양면 용마리,,49390
345-853,충남,청양군,남양면 흥산리,,49391
345-850,충남,청양군,남양면,,49392
345-891,충남,청양군,대치면 개곡리,,49393
345-891,충남,청양군,대치면 광금리,,49394
345-892,충남,청양군,대치면 광대리,,49395
345-891,충남,청양군,대치면 구치리,,49396
345-893,충남,청양군,대치면 농소리,,49397
345-892,충남,청양군,대치면 대치리,,49398
345-893,충남,청양군,대치면 상갑리,,49399
345-892,충남,청양군,대치면 수석리,,49400
345-893,충남,청양군,대치면 시전리,,49401
345-892,충남,청양군,대치면 오룡리,,49402
345-893,충남,청양군,대치면 이화리,,49403
345-891,충남,청양군,대치면 작천리,,49404
345-891,충남,청양군,대치면 장곡리,,49405
345-892,충남,청양군,대치면 주정리,,49406
345-891,충남,청양군,대치면 탄정리,,49407
345-893,충남,청양군,대치면 형산리,,49408
345-890,충남,청양군,대치면,,49409
345-861,충남,청양군,목면 대평리,,49410
345-862,충남,청양군,목면 본의리,,49411
345-862,충남,청양군,목면 송암리,,49412
345-861,충남,청양군,목면 신흥리,,49413
345-862,충남,청양군,목면 안심리,,49414
345-861,충남,청양군,목면 지곡리,,49415
345-861,충남,청양군,목면 화양리,,49416
345-860,충남,청양군,목면,,49417
345-881,충남,청양군,비봉면 강정리,,49418
345-882,충남,청양군,비봉면 관산리,,49419
345-882,충남,청양군,비봉면 록평리,,49420
345-881,충남,청양군,비봉면 방한리,,49421
345-882,충남,청양군,비봉면 사점리,,49422
345-882,충남,청양군,비봉면 신원리,,49423
345-881,충남,청양군,비봉면 양사리,,49424
345-881,충남,청양군,비봉면 용천리,,49425
345-882,충남,청양군,비봉면 장재리,,49426
345-882,충남,청양군,비봉면 중묵리,,49427
345-880,충남,청양군,비봉면,,49428
345-871,충남,청양군,운곡면 광암리,,49429
345-872,충남,청양군,운곡면 모곡리,,49430
345-871,충남,청양군,운곡면 미량리,,49431
345-871,충남,청양군,운곡면 신대리,,49432
345-871,충남,청양군,운곡면 영양리,,49433
345-872,충남,청양군,운곡면 위라리,,49434
345-871,충남,청양군,운곡면 추광리,,49435
345-872,충남,청양군,운곡면 효제리,,49436
345-872,충남,청양군,운곡면 후덕리,,49437
345-870,충남,청양군,운곡면,,49438
345-831,충남,청양군,장평면 관현리,,49439
345-831,충남,청양군,장평면 구룡리,,49440
345-833,충남,청양군,장평면 도림리,,49441
345-832,충남,청양군,장평면 락지리,,49442
345-833,충남,청양군,장평면 미당리,,49443
345-832,충남,청양군,장평면 분향리,,49444
345-833,충남,청양군,장평면 은곡리,,49445
345-833,충남,청양군,장평면 적곡리,,49446
345-831,충남,청양군,장평면 죽림리,,49447
345-832,충남,청양군,장평면 중추리,,49448
345-832,충남,청양군,장평면 지천리,,49449
345-831,충남,청양군,장평면 화산리,,49450
345-830,충남,청양군,장평면,,49451
345-811,충남,청양군,정산면 광생리,,49452
345-812,충남,청양군,정산면 남천리,,49453
345-811,충남,청양군,정산면 내초리,,49454
345-812,충남,청양군,정산면 대박리,,49455
345-811,충남,청양군,정산면 덕성리,,49456
345-813,충남,청양군,정산면 마치리,,49457
345-814,충남,청양군,정산면 백곡리,,49458
345-814,충남,청양군,정산면 서정리,,49459
345-812,충남,청양군,정산면 송학리,,49460
345-813,충남,청양군,정산면 신덕리,,49461
345-814,충남,청양군,정산면 역촌리,,49462
345-811,충남,청양군,정산면 와촌리,,49463
345-813,충남,청양군,정산면 용두리,,49464
345-813,충남,청양군,정산면 천장리,,49465
345-811,충남,청양군,정산면 학암리,,49466
345-812,충남,청양군,정산면 해남리,,49467
345-810,충남,청양군,정산면,,49468
345-841,충남,청양군,청남면 내직리,,49469
345-841,충남,청양군,청남면 대흥리,,49470
345-842,충남,청양군,청남면 동강리,,49471
345-841,충남,청양군,청남면 상장리,,49472
345-841,충남,청양군,청남면 아산리,,49473
345-842,충남,청양군,청남면 왕진리,,49474
345-841,충남,청양군,청남면 인양리,,49475
345-842,충남,청양군,청남면 중산리,,49476
345-841,충남,청양군,청남면 지곡리,,49477
345-842,충남,청양군,청남면 천내리,,49478
345-842,충남,청양군,청남면 청소리,,49479
345-840,충남,청양군,청남면,,49480
345-821,충남,청양군,화성면 광평리,,49481
345-821,충남,청양군,화성면 구재리,,49482
345-821,충남,청양군,화성면 기덕리,,49483
345-823,충남,청양군,화성면 농암리,,49484
345-821,충남,청양군,화성면 매산리,,49485
345-821,충남,청양군,화성면 매평리,,49486
345-821,충남,청양군,화성면 산동리,,49487
345-822,충남,청양군,화성면 산정리,,49488
345-823,충남,청양군,화성면 수정리,,49489
345-821,충남,청양군,화성면 신정리,,49490
345-823,충남,청양군,화성면 용당리,,49491
345-822,충남,청양군,화성면 장계리,,49492
345-823,충남,청양군,화성면 장수리,,49493
345-822,충남,청양군,화성면 정자리,,49494
345-822,충남,청양군,화성면 합천리,,49495
345-823,충남,청양군,화성면 현암리,,49496
345-822,충남,청양군,화성면 화강리,,49497
345-823,충남,청양군,화성면 화암리,,49498
345-820,충남,청양군,화성면,,49499
357-961,충남,태안군,안면읍 승언1리,,49500
357-961,충남,태안군,안면읍 승언2리,,49501
357-962,충남,태안군,안면읍 승언3리,,49502
357-962,충남,태안군,안면읍 승언4리,,49503
357-963,충남,태안군,안면읍 승언5리,,49504
357-963,충남,태안군,안면읍 승언6리,,49505
357-963,충남,태안군,안면읍 승언7리,,49506
357-963,충남,태안군,안면읍 승언8리,,49507
357-961,충남,태안군,안면읍 승언리,,49508
357-964,충남,태안군,안면읍 신야리,,49509
357-963,충남,태안군,안면읍 정당리,,49510
357-962,충남,태안군,안면읍 중장1리,,49511
357-962,충남,태안군,안면읍 중장2리,,49512
357-962,충남,태안군,안면읍 중장3리,,49513
357-964,충남,태안군,안면읍 중장4리,,49514
357-964,충남,태안군,안면읍 중장5리,,49515
357-964,충남,태안군,안면읍 중장6리,,49516
357-962,충남,태안군,안면읍 중장리,,49517
357-965,충남,태안군,안면읍 창기리,,49518
357-966,충남,태안군,안면읍 황도리,,49519
357-960,충남,태안군,안면읍,,49520
357-711,충남,태안군,태안읍 청솔주공아파트,(101∼109동),49521
357-701,충남,태안군,태안읍 태안군청,,49522
357-900,충남,태안군,태안읍 태안우체국,,49523
357-713,충남,태안군,태안읍 평천리 평천휴먼시아아파트,(201∼207동),49524
357-712,충남,태안군,태안읍 해송파크빌아파트,,49525
357-901,충남,태안군,태안읍 남문1리,,49526
357-901,충남,태안군,태안읍 남문2리,,49527
357-902,충남,태안군,태안읍 남문3리,,49528
357-902,충남,태안군,태안읍 남문4리,,49529
357-901,충남,태안군,태안읍 남문리,,49530
357-903,충남,태안군,태안읍 남산리,,49531
357-904,충남,태안군,태안읍 도내리,,49532
357-905,충남,태안군,태안읍 동문1리,,49533
357-905,충남,태안군,태안읍 동문2리,,49534
357-905,충남,태안군,태안읍 동문3리,,49535
357-906,충남,태안군,태안읍 동문4리,,49536
357-906,충남,태안군,태안읍 동문5리,,49537
357-905,충남,태안군,태안읍 동문리,,49538
357-903,충남,태안군,태안읍 반곡리,,49539
357-907,충남,태안군,태안읍 삭선리,,49540
357-904,충남,태안군,태안읍 산후리,,49541
357-908,충남,태안군,태안읍 상옥리,,49542
357-903,충남,태안군,태안읍 송암리,,49543
357-904,충남,태안군,태안읍 어은리,,49544
357-908,충남,태안군,태안읍 인평1리,,49545
357-904,충남,태안군,태안읍 인평2리,,49546
357-904,충남,태안군,태안읍 인평3리,,49547
357-908,충남,태안군,태안읍 인평리,,49548
357-907,충남,태안군,태안읍 장산리,,49549
357-908,충남,태안군,태안읍 평천1리,,49550
357-908,충남,태안군,태안읍 평천2리,,49551
357-903,충남,태안군,태안읍 평천3리,,49552
357-908,충남,태안군,태안읍 평천리,,49553
357-900,충남,태안군,태안읍,,49554
357-971,충남,태안군,고남면 고남리,,49555
357-972,충남,태안군,고남면 누동리,,49556
357-972,충남,태안군,고남면 장곡리,,49557
357-970,충남,태안군,고남면,,49558
357-941,충남,태안군,근흥면 가의도리,,49559
357-942,충남,태안군,근흥면 도황리,,49560
357-943,충남,태안군,근흥면 두야리,,49561
357-944,충남,태안군,근흥면 마금리,,49562
357-945,충남,태안군,근흥면 마도리,,49563
357-943,충남,태안군,근흥면 수룡리,,49564
357-945,충남,태안군,근흥면 신진도리,,49565
357-943,충남,태안군,근흥면 안기리,,49566
357-944,충남,태안군,근흥면 용신리,,49567
357-942,충남,태안군,근흥면 정죽1리,,49568
357-942,충남,태안군,근흥면 정죽2리,,49569
357-942,충남,태안군,근흥면 정죽3리,,49570
357-945,충남,태안군,근흥면 정죽4리,,49571
357-945,충남,태안군,근흥면 정죽5리,,49572
357-942,충남,태안군,근흥면 정죽리,,49573
357-940,충남,태안군,근흥면,,49574
357-951,충남,태안군,남면 달산1리,,49575
357-951,충남,태안군,남면 달산2리,,49576
357-952,충남,태안군,남면 달산3리,,49577
357-951,충남,태안군,남면 달산리,,49578
357-953,충남,태안군,남면 당암리,,49579
357-954,충남,태안군,남면 몽산리,,49580
357-953,충남,태안군,남면 신온리,,49581
357-951,충남,태안군,남면 신장리,,49582
357-952,충남,태안군,남면 양잠리,,49583
357-952,충남,태안군,남면 원청리,,49584
357-954,충남,태안군,남면 진산리,,49585
357-950,충남,태안군,남면,,49586
357-931,충남,태안군,소원면 모항리,,49587
357-932,충남,태안군,소원면 법산1리,,49588
357-933,충남,태안군,소원면 법산2리,,49589
357-932,충남,태안군,소원면 법산리,,49590
357-932,충남,태안군,소원면 소근1리,,49591
357-934,충남,태안군,소원면 소근2리,,49592
357-932,충남,태안군,소원면 소근리,,49593
357-935,충남,태안군,소원면 송현1리,,49594
357-931,충남,태안군,소원면 송현2리,,49595
357-934,충남,태안군,소원면 송현3리,,49596
357-935,충남,태안군,소원면 송현리,,49597
357-932,충남,태안군,소원면 시목리,,49598
357-933,충남,태안군,소원면 신덕리,,49599
357-932,충남,태안군,소원면 영전리,,49600
357-934,충남,태안군,소원면 의항리,,49601
357-935,충남,태안군,소원면 파도리,,49602
357-930,충남,태안군,소원면,,49603
357-911,충남,태안군,원북면 대기리,,49604
357-912,충남,태안군,원북면 동해리,,49605
357-913,충남,태안군,원북면 마산리,,49606
357-913,충남,태안군,원북면 반계리,,49607
357-914,충남,태안군,원북면 방갈리,,49608
357-912,충남,태안군,원북면 신두리,,49609
357-911,충남,태안군,원북면 양산리,,49610
357-912,충남,태안군,원북면 이곡1리,,49611
357-914,충남,태안군,원북면 이곡2리,,49612
357-912,충남,태안군,원북면 이곡리,,49613
357-911,충남,태안군,원북면 장대리,,49614
357-913,충남,태안군,원북면 청산리,,49615
357-914,충남,태안군,원북면 황촌리,,49616
357-910,충남,태안군,원북면,,49617
357-921,충남,태안군,이원면 관1리,,49618
357-921,충남,태안군,이원면 관2리,,49619
357-922,충남,태안군,이원면 관3리,,49620
357-921,충남,태안군,이원면 관리,,49621
357-922,충남,태안군,이원면 내리,,49622
357-921,충남,태안군,이원면 당산리,,49623
357-923,충남,태안군,이원면 사창리,,49624
357-923,충남,태안군,이원면 포지리,,49625
357-920,충남,태안군,이원면,,49626
350-901,충남,홍성군,광천읍 가정리,,49627
350-902,충남,홍성군,광천읍 광천리,,49628
350-903,충남,홍성군,광천읍 내죽리,,49629
350-901,충남,홍성군,광천읍 담산리,,49630
350-903,충남,홍성군,광천읍 대평리,,49631
350-904,충남,홍성군,광천읍 매현리,,49632
350-905,충남,홍성군,광천읍 벽계리,,49633
350-904,충남,홍성군,광천읍 상정리,,49634
350-904,충남,홍성군,광천읍 소암리,,49635
350-906,충남,홍성군,광천읍 신진리,,49636
350-907,충남,홍성군,광천읍 옹암리,,49637
350-903,충남,홍성군,광천읍 운용리,,49638
350-903,충남,홍성군,광천읍 월림리,,49639
350-900,충남,홍성군,광천읍,,49640
350-801,충남,홍성군,홍성읍 고암리,,49641
350-802,충남,홍성군,홍성읍 구룡리,,49642
350-752,충남,홍성군,홍성읍 남장리 주공그린빌아파트,,49643
350-701,충남,홍성군,홍성읍 남장리 청운대학교,,49644
350-702,충남,홍성군,홍성읍 남장리 혜전대학,,49645
350-803,충남,홍성군,홍성읍 남장리,,49646
350-804,충남,홍성군,홍성읍 내법리,,49647
350-805,충남,홍성군,홍성읍 대교1리,,49648
350-805,충남,홍성군,홍성읍 대교2리,,49649
350-806,충남,홍성군,홍성읍 대교3리,,49650
350-806,충남,홍성군,홍성읍 대교4리,,49651
350-805,충남,홍성군,홍성읍 대교리,,49652
350-804,충남,홍성군,홍성읍 소향리,,49653
350-802,충남,홍성군,홍성읍 송월리,,49654
350-802,충남,홍성군,홍성읍 신성리,,49655
350-755,충남,홍성군,홍성읍 오관리 세광엔리치타워아파트,(101∼106동),49656
350-753,충남,홍성군,홍성읍 오관리 청솔아파트,(101∼102동),49657
350-754,충남,홍성군,홍성읍 오관리 향촌현대아파트,(101∼104동),49658
350-807,충남,홍성군,홍성읍 오관리,1∼165,49659
350-815,충남,홍성군,홍성읍 오관리,166∼308,49660
350-816,충남,홍성군,홍성읍 오관리,309∼354,49661
350-817,충남,홍성군,홍성읍 오관리,355∼568,49662
350-818,충남,홍성군,홍성읍 오관리,569∼620,49663
350-819,충남,홍성군,홍성읍 오관리,621∼1000,49664
350-756,충남,홍성군,홍성읍 옥암리 홍성옥암코오롱하늘채아파트,(101∼113동),49665
350-808,충남,홍성군,홍성읍 옥암리,,49666
350-751,충남,홍성군,홍성읍 월산리 부영아파트,,49667
350-809,충남,홍성군,홍성읍 월산리,,49668
350-802,충남,홍성군,홍성읍 학계리,,49669
350-704,충남,홍성군,홍성읍 홍성군청,,49670
350-703,충남,홍성군,홍성읍 홍성기능대학,,49671
350-800,충남,홍성군,홍성읍 홍성우체국,,49672
350-800,충남,홍성군,홍성읍,,49673
350-851,충남,홍성군,갈산면 가곡리,,49674
350-851,충남,홍성군,갈산면 갈오리,,49675
350-852,충남,홍성군,갈산면 기산리,,49676
350-853,충남,홍성군,갈산면 내갈리,,49677
350-852,충남,홍성군,갈산면 대사리,,49678
350-851,충남,홍성군,갈산면 동산리,,49679
350-852,충남,홍성군,갈산면 동성리,,49680
350-854,충남,홍성군,갈산면 부기리,,49681
350-853,충남,홍성군,갈산면 상촌리,,49682
350-851,충남,홍성군,갈산면 신안리,,49683
350-854,충남,홍성군,갈산면 쌍천리,,49684
350-854,충남,홍성군,갈산면 오두리,,49685
350-854,충남,홍성군,갈산면 와리,,49686
350-852,충남,홍성군,갈산면 운곡리,,49687
350-852,충남,홍성군,갈산면 취생리,,49688
350-854,충남,홍성군,갈산면 행산리,,49689
350-850,충남,홍성군,갈산면,,49690
350-871,충남,홍성군,결성면 교항리,,49691
350-872,충남,홍성군,결성면 금곡리,,49692
350-872,충남,홍성군,결성면 무량리,,49693
350-872,충남,홍성군,결성면 성곡리,,49694
350-873,충남,홍성군,결성면 성남리,,49695
350-873,충남,홍성군,결성면 성호리,,49696
350-871,충남,홍성군,결성면 용호리,,49697
350-873,충남,홍성군,결성면 읍내리,,49698
350-871,충남,홍성군,결성면 형산리,,49699
350-870,충남,홍성군,결성면,,49700
350-841,충남,홍성군,구항면 공리,,49701
350-841,충남,홍성군,구항면 남산리,,49702
350-842,충남,홍성군,구항면 내현리,,49703
350-843,충남,홍성군,구항면 대정리,,49704
350-844,충남,홍성군,구항면 마온리,,49705
350-843,충남,홍성군,구항면 신곡리,,49706
350-842,충남,홍성군,구항면 오봉리,,49707
350-841,충남,홍성군,구항면 장양리,,49708
350-843,충남,홍성군,구항면 지정리,,49709
350-844,충남,홍성군,구항면 청광리,,49710
350-841,충남,홍성군,구항면 태봉리,,49711
350-842,충남,홍성군,구항면 황곡리,,49712
350-840,충남,홍성군,구항면,,49713
350-821,충남,홍성군,금마면 가산리,,49714
350-822,충남,홍성군,금마면 덕정리,,49715
350-822,충남,홍성군,금마면 봉서리,,49716
350-823,충남,홍성군,금마면 부평리,,49717
350-821,충남,홍성군,금마면 송강리,,49718
350-823,충남,홍성군,금마면 송암리,,49719
350-824,충남,홍성군,금마면 신곡리,,49720
350-823,충남,홍성군,금마면 용흥리,,49721
350-822,충남,홍성군,금마면 월암리,,49722
350-821,충남,홍성군,금마면 인산리,,49723
350-824,충남,홍성군,금마면 장성리,,49724
350-824,충남,홍성군,금마면 죽림리,,49725
350-821,충남,홍성군,금마면 화양리,,49726
350-820,충남,홍성군,금마면,,49727
350-861,충남,홍성군,서부면 거차리,,49728
350-862,충남,홍성군,서부면 광리,,49729
350-862,충남,홍성군,서부면 궁리,,49730
350-861,충남,홍성군,서부면 남당리,,49731
350-862,충남,홍성군,서부면 상황리,,49732
350-863,충남,홍성군,서부면 신리,,49733
350-863,충남,홍성군,서부면 양곡리,,49734
350-861,충남,홍성군,서부면 어사리,,49735
350-862,충남,홍성군,서부면 이호리,,49736
350-864,충남,홍성군,서부면 죽도리,,49737
350-863,충남,홍성군,서부면 중리,,49738
350-863,충남,홍성군,서부면 판교리,,49739
350-860,충남,홍성군,서부면,,49740
350-881,충남,홍성군,은하면 금국리,,49741
350-881,충남,홍성군,은하면 대율리,,49742
350-882,충남,홍성군,은하면 대천리,,49743
350-882,충남,홍성군,은하면 대판리,,49744
350-883,충남,홍성군,은하면 덕실리,,49745
350-882,충남,홍성군,은하면 목현리,,49746
350-881,충남,홍성군,은하면 유송리,,49747
350-881,충남,홍성군,은하면 장곡리,,49748
350-883,충남,홍성군,은하면 장척리,,49749
350-882,충남,홍성군,은하면 학산리,,49750
350-883,충남,홍성군,은하면 화봉리,,49751
350-880,충남,홍성군,은하면,,49752
350-891,충남,홍성군,장곡면 가송리,,49753
350-892,충남,홍성군,장곡면 광성리,,49754
350-893,충남,홍성군,장곡면 대현리,,49755
350-891,충남,홍성군,장곡면 도산리,,49756
350-894,충남,홍성군,장곡면 산성리,,49757
350-893,충남,홍성군,장곡면 상송리,,49758
350-891,충남,홍성군,장곡면 신동리,,49759
350-892,충남,홍성군,장곡면 신풍리,,49760
350-892,충남,홍성군,장곡면 오성리,,49761
350-893,충남,홍성군,장곡면 옥계리,,49762
350-894,충남,홍성군,장곡면 월계리,,49763
350-891,충남,홍성군,장곡면 죽전리,,49764
350-893,충남,홍성군,장곡면 지정리,,49765
350-894,충남,홍성군,장곡면 천태리,,49766
350-894,충남,홍성군,장곡면 행정리,,49767
350-892,충남,홍성군,장곡면 화계리,,49768
350-890,충남,홍성군,장곡면,,49769
350-811,충남,홍성군,홍동면 구정리,,49770
350-812,충남,홍성군,홍동면 금당리,,49771
350-812,충남,홍성군,홍동면 금평리,,49772
350-812,충남,홍성군,홍동면 대영리,,49773
350-813,충남,홍성군,홍동면 문당리,,49774
350-814,충남,홍성군,홍동면 수란리,,49775
350-814,충남,홍성군,홍동면 신기리,,49776
350-811,충남,홍성군,홍동면 운월리,,49777
350-811,충남,홍성군,홍동면 원천리,,49778
350-811,충남,홍성군,홍동면 월현리,,49779
350-814,충남,홍성군,홍동면 팔괘리,,49780
350-813,충남,홍성군,홍동면 홍원리,,49781
350-813,충남,홍성군,홍동면 화신리,,49782
350-812,충남,홍성군,홍동면 효학리,,49783
350-810,충남,홍성군,홍동면,,49784
350-831,충남,홍성군,홍북면 갈산리,,49785
350-832,충남,홍성군,홍북면 내덕리,,49786
350-833,충남,홍성군,홍북면 노은리,,49787
350-832,충남,홍성군,홍북면 대동리,,49788
350-833,충남,홍성군,홍북면 대인리,,49789
350-834,충남,홍성군,홍북면 봉신리,,49790
350-833,충남,홍성군,홍북면 산수리,,49791
350-834,충남,홍성군,홍북면 상하리,,49792
350-831,충남,홍성군,홍북면 석택리,,49793
350-700,충남,홍성군,홍북면 신경리 충남도청,,49794
350-831,충남,홍성군,홍북면 신경리,,49795
350-833,충남,홍성군,홍북면 신정리,,49796
350-832,충남,홍성군,홍북면 용산리,,49797
350-834,충남,홍성군,홍북면 중계리,,49798
350-830,충남,홍성군,홍북면,,49799
